SiteID,Year,RANOKA
1,2006,0
1,2006,0
1,2006,0
1,2007,0
1,2007,0
1,2008,0
1,2008,0
1,2008,0
1,2009,0
1,2009,0
1,2009,0
1,2010,0
1,2011,0
1,2017,0
1,2013,0
1,2014,0
1,2014,0
1,2014,0
1,2011,0
1,2010,0
1,2011,0
1,2012,0
1,2012,0
1,2015,0
1,2015,0
1,2015,0
1,2016,0
1,2016,0
1,2016,0
1,2017,0
1,2017,0
1,2020,0
1,2018,0
1,2012,0
1,2013,0
1,2013,0
1,2018,0
1,2018,0
1,2019,0
1,2019,0
1,2019,0
1,2020,0
1,2020,0
1,2022,0
1,2021,0
1,2021,0
1,2021,0
1,2022,0
1,2022,0
2,2006,0
2,2006,0
2,2006,1
2,2006,1
2,2006,0
2,2006,0
2,2006,0
2,2006,0
2,2006,0
2,2006,0
2,2006,0
2,2006,0
2,2006,0
2,2006,0
2,2006,0
2,2006,0
2,2006,0
2,2006,0
2,2006,1
2,2006,0
2,2006,0
2,2007,0
2,2007,0
2,2007,1
2,2007,0
2,2008,0
2,2008,1
2,2008,1
2,2009,0
2,2009,1
2,2009,1
2,2010,1
2,2010,1
2,2011,1
2,2016,1
2,2015,1
2,2017,0
2,2013,1
2,2014,1
2,2014,0
2,2014,1
2,2011,1
2,2010,1
2,2011,1
2,2012,1
2,2012,0
2,2015,1
2,2015,1
2,2016,1
2,2016,0
2,2017,1
2,2017,1
2,2020,0
2,2018,1
2,2012,0
2,2013,1
2,2013,0
2,2018,1
2,2018,0
2,2019,1
2,2019,0
2,2019,1
2,2020,1
2,2020,1
2,2022,1
2,2021,0
2,2021,1
2,2021,0
2,2022,1
2,2022,0
3,2006,0
3,2006,1
3,2006,1
3,2006,1
3,2006,0
3,2006,0
3,2006,0
3,2006,0
3,2006,0
3,2006,0
3,2006,0
3,2006,0
3,2006,0
3,2006,0
3,2006,0
3,2006,0
3,2006,0
3,2006,0
3,2007,0
3,2007,1
3,2007,0
3,2007,0
3,2007,0
3,2007,1
3,2007,0
3,2008,0
3,2008,0
3,2008,1
3,2009,1
3,2009,1
3,2009,1
3,2010,0
3,2010,0
3,2010,0
3,2011,0
3,2016,0
3,2017,0
3,2013,0
3,2014,0
3,2014,0
3,2014,0
3,2011,0
3,2010,1
3,2011,0
3,2012,0
3,2012,0
3,2015,0
3,2015,0
3,2015,0
3,2016,0
3,2016,0
3,2017,0
3,2017,0
3,2020,0
3,2018,0
3,2012,0
3,2013,0
3,2013,0
3,2018,0
3,2018,0
3,2019,0
3,2019,0
3,2019,1
3,2020,0
3,2022,0
3,2020,0
3,2021,0
3,2021,0
3,2021,0
3,2022,0
3,2022,0
4,2006,0
4,2006,0
4,2006,0
4,2006,0
4,2006,0
4,2006,1
4,2006,1
4,2006,0
4,2006,0
4,2006,1
4,2006,0
4,2006,0
4,2006,0
4,2006,0
4,2006,0
4,2006,0
4,2006,0
4,2006,0
4,2007,1
4,2007,0
4,2007,0
4,2008,0
4,2008,1
4,2008,1
4,2009,1
4,2009,1
4,2009,1
4,2009,0
4,2010,1
4,2010,1
4,2011,1
4,2016,0
4,2017,0
4,2013,0
4,2014,0
4,2014,0
4,2014,0
4,2011,1
4,2010,1
4,2011,1
4,2012,0
4,2015,0
4,2015,0
4,2015,0
4,2016,0
4,2016,0
4,2017,0
4,2017,0
4,2020,1
4,2018,1
4,2012,0
4,2012,0
4,2013,0
4,2013,0
4,2018,1
4,2018,1
4,2019,1
4,2019,1
4,2019,1
4,2020,1
4,2022,0
4,2020,1
4,2021,0
4,2021,0
4,2021,1
4,2022,1
4,2022,1
5,2006,0
5,2006,0
5,2006,1
5,2006,0
5,2006,0
5,2006,0
5,2006,0
5,2006,0
5,2006,0
5,2006,0
5,2006,0
5,2006,0
5,2006,0
5,2006,0
5,2006,0
5,2006,0
5,2006,0
5,2007,0
5,2007,0
5,2007,0
5,2008,0
5,2008,1
5,2008,0
5,2009,1
5,2009,1
5,2009,1
5,2010,0
5,2011,0
5,2016,1
5,2017,1
5,2013,1
5,2014,1
5,2014,0
5,2014,0
5,2011,0
5,2010,1
5,2011,1
5,2012,0
5,2015,0
5,2015,0
5,2015,1
5,2016,1
5,2016,0
5,2017,1
5,2017,1
5,2020,0
5,2018,0
5,2012,0
5,2012,0
5,2013,1
5,2013,0
5,2018,0
5,2018,1
5,2019,1
5,2019,0
5,2019,1
5,2020,1
5,2020,1
5,2022,1
5,2021,0
5,2021,0
5,2021,1
5,2022,0
5,2022,1
6,2006,0
6,2006,0
6,2006,0
6,2007,0
6,2007,0
6,2007,0
6,2008,0
6,2008,0
6,2008,0
6,2009,0
6,2009,0
6,2010,0
6,2010,0
6,2011,0
6,2015,0
6,2017,0
6,2013,0
6,2014,0
6,2014,0
6,2011,0
6,2011,0
6,2012,0
6,2012,0
6,2010,0
6,2014,0
6,2015,0
6,2015,0
6,2016,0
6,2016,0
6,2016,0
6,2017,0
6,2017,0
6,2020,0
6,2018,0
6,2012,0
6,2013,0
6,2013,0
6,2018,0
6,2018,0
6,2019,0
6,2019,0
6,2019,0
6,2020,0
6,2009,0
6,2020,0
6,2021,0
6,2021,0
6,2021,0
6,2022,0
6,2022,0
6,2022,0
7,2006,1
7,2006,1
7,2006,0
7,2007,1
7,2007,1
7,2007,0
7,2007,0
7,2008,0
7,2008,1
7,2008,1
7,2009,1
7,2009,1
7,2010,1
7,2009,1
7,2010,1
7,2011,1
7,2016,1
7,2015,1
7,2017,0
7,2013,1
7,2014,1
7,2014,1
7,2014,1
7,2011,1
7,2012,1
7,2012,1
7,2010,1
7,2015,0
7,2015,1
7,2016,0
7,2016,1
7,2017,0
7,2017,0
7,2018,0
7,2012,1
7,2011,1
7,2013,1
7,2013,1
7,2018,0
7,2018,0
7,2019,0
7,2019,1
7,2019,0
7,2020,1
7,2020,1
7,2020,1
7,2021,1
7,2021,0
7,2021,1
7,2022,1
7,2022,1
7,2022,0
8,2006,0
8,2006,0
8,2006,0
8,2006,0
8,2006,0
8,2006,0
8,2006,0
8,2006,0
8,2006,0
8,2006,0
8,2006,0
8,2006,0
8,2006,0
8,2006,0
8,2006,0
8,2006,0
8,2006,0
8,2006,0
8,2007,0
8,2007,0
8,2007,0
8,2008,0
8,2008,0
8,2008,0
8,2009,0
8,2009,0
8,2009,0
8,2010,0
8,2011,0
8,2015,0
8,2017,0
8,2013,0
8,2014,0
8,2014,0
8,2014,0
8,2011,0
8,2010,0
8,2011,0
8,2012,0
8,2012,0
8,2015,0
8,2015,0
8,2016,0
8,2016,0
8,2016,0
8,2017,0
8,2017,0
8,2020,0
8,2012,0
8,2013,0
8,2013,0
8,2018,0
8,2018,0
8,2018,0
8,2019,0
8,2019,0
8,2019,0
8,2020,0
8,2020,0
8,2022,0
8,2021,0
8,2021,0
8,2021,0
8,2022,0
8,2022,0
9,2006,0
9,2006,0
9,2006,0
9,2006,0
9,2006,0
9,2006,0
9,2006,0
9,2006,0
9,2006,0
9,2006,0
9,2006,0
9,2006,0
9,2006,0
9,2006,0
9,2006,0
9,2006,0
9,2006,0
9,2006,0
9,2006,0
9,2006,0
9,2007,0
9,2007,0
9,2007,0
9,2007,0
9,2008,0
9,2008,0
9,2009,0
9,2009,0
9,2009,0
9,2010,0
9,2010,0
9,2011,0
9,2016,0
9,2015,0
9,2017,0
9,2013,0
9,2014,0
9,2014,0
9,2014,0
9,2011,0
9,2010,0
9,2011,0
9,2012,0
9,2015,0
9,2015,0
9,2016,0
9,2016,0
9,2017,0
9,2017,0
9,2020,0
9,2018,0
9,2012,0
9,2012,0
9,2013,0
9,2013,0
9,2018,0
9,2018,0
9,2019,0
9,2019,0
9,2019,0
9,2020,0
9,2020,0
9,2022,0
9,2021,0
9,2021,0
9,2021,0
9,2022,0
9,2022,0
10,2006,0
10,2006,0
10,2006,0
10,2007,0
10,2008,0
10,2008,0
10,2008,0
10,2008,0
10,2009,0
10,2009,0
10,2009,0
10,2010,0
10,2010,0
10,2011,0
10,2014,0
10,2014,0
10,2014,0
10,2011,0
10,2011,0
10,2012,0
10,2012,0
10,2010,0
10,2015,0
10,2015,0
10,2015,0
10,2016,0
10,2016,0
10,2016,0
10,2017,0
10,2017,0
10,2017,0
10,2012,0
10,2013,0
10,2013,0
10,2013,0
10,2018,0
10,2018,0
10,2018,0
10,2019,0
10,2019,0
10,2019,0
10,2020,0
10,2020,0
10,2020,0
10,2021,0
10,2021,0
10,2021,0
10,2022,0
10,2022,0
10,2022,0
11,2006,0
11,2006,0
11,2006,0
11,2007,0
11,2007,0
11,2007,0
11,2008,0
11,2008,0
11,2008,0
11,2009,0
11,2009,0
11,2009,0
11,2010,0
11,2010,0
11,2014,0
11,2014,0
11,2014,0
11,2011,0
11,2011,0
11,2011,0
11,2012,0
11,2017,0
11,2012,0
11,2010,0
11,2015,0
11,2015,0
11,2015,0
11,2016,0
11,2016,0
11,2016,0
11,2017,0
11,2017,0
11,2012,0
11,2013,0
11,2013,0
11,2013,0
11,2018,0
11,2018,0
11,2018,0
11,2019,0
11,2019,0
11,2019,0
11,2020,0
11,2020,0
11,2020,0
11,2021,0
11,2021,0
11,2021,0
11,2022,0
11,2022,0
11,2022,0
12,2006,0
12,2006,0
12,2006,1
12,2006,0
12,2006,0
12,2006,0
12,2006,0
12,2006,0
12,2006,0
12,2006,0
12,2006,0
12,2006,0
12,2006,0
12,2006,0
12,2006,0
12,2006,0
12,2006,0
12,2006,0
12,2007,0
12,2007,0
12,2007,0
12,2008,0
12,2008,0
12,2008,1
12,2009,0
12,2009,0
12,2010,1
12,2010,1
12,2015,0
12,2013,0
12,2014,0
12,2014,0
12,2014,0
12,2010,1
12,2011,0
12,2011,0
12,2012,1
12,2017,0
12,2012,0
12,2015,0
12,2015,0
12,2016,0
12,2016,0
12,2016,0
12,2017,1
12,2017,1
12,2020,0
12,2011,0
12,2012,0
12,2013,0
12,2013,0
12,2018,0
12,2018,0
12,2018,0
12,2019,0
12,2019,0
12,2019,0
12,2020,0
12,2020,0
12,2021,0
12,2021,0
12,2021,0
12,2022,1
12,2022,0
12,2022,1
13,2006,0
13,2006,0
13,2006,1
13,2006,0
13,2006,1
13,2006,1
13,2006,0
13,2006,0
13,2006,0
13,2006,0
13,2006,0
13,2006,0
13,2006,0
13,2006,0
13,2006,0
13,2006,0
13,2006,0
13,2006,0
13,2006,1
13,2006,0
13,2007,1
13,2007,0
13,2008,0
13,2008,1
13,2008,0
13,2009,0
13,2009,0
13,2009,1
13,2010,0
13,2010,0
13,2015,0
13,2013,1
13,2014,1
13,2014,0
13,2014,0
13,2010,1
13,2011,0
13,2011,0
13,2012,0
13,2017,0
13,2012,1
13,2015,0
13,2015,1
13,2016,0
13,2016,0
13,2016,0
13,2017,0
13,2017,0
13,2020,0
13,2011,0
13,2012,0
13,2013,1
13,2013,0
13,2018,0
13,2018,0
13,2018,0
13,2019,0
13,2019,1
13,2019,1
13,2020,0
13,2020,0
13,2021,0
13,2021,1
13,2021,0
13,2022,0
13,2022,0
13,2022,1
14,2006,0
14,2006,1
14,2006,1
14,2006,1
14,2006,1
14,2006,1
14,2006,1
14,2006,1
14,2006,1
14,2006,1
14,2006,1
14,2006,1
14,2006,1
14,2006,1
14,2006,0
14,2006,0
14,2006,0
14,2006,0
14,2006,1
14,2007,0
14,2007,1
14,2007,0
14,2007,1
14,2008,1
14,2008,1
14,2008,1
14,2009,1
14,2009,0
14,2009,1
14,2010,1
14,2010,1
14,2015,1
14,2017,1
14,2013,1
14,2014,1
14,2014,0
14,2014,0
14,2010,1
14,2011,0
14,2011,0
14,2012,1
14,2012,1
14,2015,1
14,2015,0
14,2016,1
14,2016,1
14,2016,0
14,2017,1
14,2017,1
14,2020,0
14,2011,0
14,2012,1
14,2013,1
14,2013,0
14,2018,0
14,2018,1
14,2018,1
14,2019,1
14,2019,1
14,2019,1
14,2020,0
14,2020,1
14,2021,1
14,2021,1
14,2021,1
14,2022,1
14,2022,1
14,2022,1
15,2006,1
15,2006,1
15,2006,1
15,2006,1
15,2006,1
15,2006,1
15,2006,1
15,2006,1
15,2006,1
15,2006,1
15,2006,1
15,2006,0
15,2006,0
15,2006,0
15,2006,0
15,2006,0
15,2006,0
15,2006,0
15,2007,0
15,2007,1
15,2008,0
15,2008,1
15,2008,1
15,2009,1
15,2009,0
15,2010,1
15,2010,0
15,2010,1
15,2015,0
15,2013,0
15,2014,1
15,2014,0
15,2014,1
15,2011,1
15,2011,1
15,2011,1
15,2012,1
15,2017,1
15,2015,1
15,2015,1
15,2016,0
15,2016,0
15,2016,0
15,2017,0
15,2017,0
15,2012,1
15,2012,0
15,2013,1
15,2013,0
15,2018,1
15,2018,0
15,2018,1
15,2019,0
15,2019,0
15,2019,1
15,2020,0
15,2020,0
15,2020,1
15,2021,1
15,2021,0
15,2021,0
15,2022,1
15,2022,1
15,2022,0
16,2006,0
16,2006,0
16,2006,0
16,2006,0
16,2006,0
16,2006,0
16,2006,0
16,2006,0
16,2006,0
16,2006,0
16,2006,0
16,2006,0
16,2006,0
16,2006,0
16,2006,0
16,2006,0
16,2006,0
16,2006,0
16,2007,0
16,2007,1
16,2007,0
16,2007,0
16,2008,0
16,2008,0
16,2008,0
16,2009,0
16,2009,0
16,2009,0
16,2010,0
16,2010,0
16,2011,0
16,2016,0
16,2015,0
16,2017,0
16,2013,0
16,2014,0
16,2014,0
16,2014,0
16,2011,0
16,2010,0
16,2011,0
16,2012,0
16,2012,0
16,2015,0
16,2015,0
16,2016,0
16,2016,0
16,2017,0
16,2017,0
16,2020,0
16,2018,0
16,2012,0
16,2013,0
16,2013,0
16,2018,0
16,2018,0
16,2019,0
16,2019,0
16,2019,0
16,2020,0
16,2020,0
16,2022,0
16,2021,0
16,2021,0
16,2021,0
16,2022,0
16,2022,0
17,2006,1
17,2006,1
17,2006,1
17,2007,1
17,2007,1
17,2007,1
17,2008,1
17,2008,1
17,2008,1
17,2009,1
17,2009,1
17,2009,0
17,2010,0
17,2010,1
17,2010,1
17,2011,1
17,2016,0
17,2015,0
17,2017,1
17,2013,0
17,2014,0
17,2014,1
17,2011,1
17,2011,1
17,2012,0
17,2012,0
17,2010,1
17,2014,0
17,2015,0
17,2015,1
17,2016,1
17,2016,1
17,2017,1
17,2017,1
17,2020,1
17,2018,0
17,2012,1
17,2013,0
17,2013,1
17,2018,0
17,2018,1
17,2019,1
17,2019,1
17,2019,1
17,2020,0
17,2020,1
17,2021,0
17,2021,0
17,2021,0
17,2022,1
17,2022,0
17,2022,1
18,2006,0
18,2006,0
18,2006,0
18,2007,0
18,2007,0
18,2007,0
18,2008,0
18,2008,0
18,2008,0
18,2009,0
18,2009,0
18,2009,0
18,2010,0
18,2010,0
18,2011,0
18,2016,0
18,2015,0
18,2017,0
18,2013,0
18,2014,1
18,2014,0
18,2011,0
18,2011,0
18,2012,0
18,2012,0
18,2010,0
18,2014,0
18,2015,0
18,2015,0
18,2016,0
18,2016,0
18,2017,0
18,2017,0
18,2020,0
18,2008,0
18,2012,0
18,2013,0
18,2013,0
18,2018,0
18,2018,0
18,2019,1
18,2019,0
18,2019,0
18,2020,0
18,2020,0
18,2021,0
18,2021,1
18,2021,1
18,2022,0
18,2022,0
18,2022,1
19,2007,0
19,2008,1
19,2008,0
19,2008,0
19,2009,0
19,2009,0
19,2010,0
19,2010,0
19,2016,0
19,2013,0
19,2014,0
19,2014,0
19,2011,0
19,2010,0
19,2011,0
19,2011,0
19,2012,0
19,2012,0
19,2014,0
19,2015,0
19,2015,0
19,2015,0
19,2016,0
19,2016,0
19,2017,0
19,2017,0
19,2017,0
19,2020,0
19,2018,0
19,2012,0
19,2013,0
19,2013,0
19,2018,0
19,2018,0
19,2019,0
19,2019,0
19,2019,0
19,2020,0
19,2020,0
19,2021,0
19,2021,0
19,2021,0
19,2022,0
19,2022,0
19,2022,0
20,2006,1
20,2006,1
20,2006,1
20,2007,1
20,2007,1
20,2008,1
20,2008,1
20,2008,1
20,2009,1
20,2009,0
20,2009,1
20,2010,1
20,2010,1
20,2015,0
20,2013,1
20,2014,1
20,2014,1
20,2014,1
20,2010,1
20,2011,1
20,2011,0
20,2012,1
20,2017,1
20,2012,1
20,2015,1
20,2015,1
20,2016,1
20,2016,0
20,2016,1
20,2017,0
20,2017,1
20,2011,0
20,2012,1
20,2013,1
20,2013,1
20,2018,0
20,2018,0
20,2018,0
20,2019,1
20,2019,1
20,2019,0
20,2020,0
20,2020,0
20,2020,0
20,2021,1
20,2021,0
20,2021,0
20,2022,1
20,2022,0
20,2022,0
21,2006,1
21,2006,1
21,2006,1
21,2007,0
21,2007,1
21,2008,1
21,2008,1
21,2008,0
21,2009,1
21,2009,0
21,2010,0
21,2016,0
21,2017,0
21,2013,0
21,2014,0
21,2014,0
21,2014,0
21,2011,0
21,2010,0
21,2011,0
21,2011,0
21,2012,0
21,2015,0
21,2015,0
21,2015,0
21,2016,0
21,2016,0
21,2017,0
21,2017,0
21,2018,0
21,2012,1
21,2010,0
21,2013,0
21,2013,0
21,2018,0
21,2018,0
21,2019,0
21,2019,0
21,2019,0
21,2020,0
21,2020,0
21,2022,1
21,2020,0
21,2021,0
21,2021,0
21,2021,0
21,2022,1
21,2022,0
22,2006,0
22,2006,0
22,2006,0
22,2007,0
22,2007,0
22,2008,1
22,2008,1
22,2008,0
22,2007,0
22,2009,0
22,2009,0
22,2010,1
22,2010,1
22,2016,0
22,2017,0
22,2013,0
22,2014,1
22,2014,0
22,2014,0
22,2011,0
22,2010,1
22,2011,0
22,2011,1
22,2012,0
22,2015,0
22,2015,0
22,2015,0
22,2016,0
22,2016,0
22,2017,0
22,2017,0
22,2018,0
22,2012,0
22,2013,0
22,2013,0
22,2018,0
22,2018,0
22,2019,0
22,2019,0
22,2019,0
22,2020,0
22,2020,0
22,2022,0
22,2020,0
22,2021,0
22,2021,0
22,2021,0
22,2022,0
22,2022,0
23,2007,1
23,2008,1
23,2008,1
23,2008,1
23,2009,1
23,2009,1
23,2009,1
23,2010,1
23,2010,1
23,2016,1
23,2013,1
23,2014,1
23,2014,0
23,2014,1
23,2011,1
23,2011,1
23,2011,1
23,2012,1
23,2010,1
23,2015,1
23,2015,1
23,2015,1
23,2016,1
23,2016,1
23,2017,1
23,2017,1
23,2017,1
23,2018,1
23,2012,1
23,2013,1
23,2013,1
23,2018,1
23,2018,1
23,2019,1
23,2019,1
23,2019,1
23,2020,1
23,2020,1
23,2020,1
23,2021,1
23,2021,1
23,2021,1
23,2022,1
23,2022,1
23,2022,1
24,2006,1
24,2006,1
24,2007,1
24,2007,1
24,2007,1
24,2008,0
24,2008,1
24,2008,1
24,2009,1
24,2009,1
24,2009,1
24,2010,1
24,2010,1
24,2016,1
24,2017,1
24,2013,1
24,2014,1
24,2014,1
24,2014,0
24,2011,1
24,2011,1
24,2011,1
24,2012,1
24,2010,1
24,2015,1
24,2015,0
24,2015,1
24,2016,1
24,2016,1
24,2017,1
24,2017,1
24,2018,1
24,2012,1
24,2013,1
24,2013,1
24,2018,1
24,2018,1
24,2019,1
24,2019,1
24,2019,0
24,2020,1
24,2020,0
24,2022,1
24,2020,1
24,2021,1
24,2021,1
24,2021,0
24,2022,1
24,2022,1
25,2006,0
25,2006,0
25,2006,0
25,2007,0
25,2007,0
25,2007,0
25,2008,0
25,2008,0
25,2008,0
25,2009,0
25,2009,0
25,2009,0
25,2010,0
25,2010,0
25,2016,0
25,2017,0
25,2013,0
25,2014,0
25,2014,0
25,2014,0
25,2011,0
25,2011,0
25,2011,0
25,2012,0
25,2010,0
25,2015,0
25,2015,0
25,2015,0
25,2016,0
25,2016,0
25,2017,0
25,2017,0
25,2018,0
25,2012,0
25,2013,0
25,2013,0
25,2018,0
25,2018,0
25,2019,0
25,2019,0
25,2019,0
25,2020,0
25,2020,0
25,2022,0
25,2020,0
25,2021,1
25,2021,1
25,2021,1
25,2022,1
25,2022,1
26,2006,1
26,2006,1
26,2006,1
26,2006,1
26,2006,1
26,2006,1
26,2006,1
26,2006,1
26,2006,1
26,2006,1
26,2006,1
26,2006,1
26,2006,1
26,2006,1
26,2006,0
26,2006,0
26,2006,0
26,2006,0
26,2007,0
26,2007,1
26,2007,1
26,2008,0
26,2008,1
26,2008,0
26,2009,0
26,2009,0
26,2009,1
26,2010,1
26,2010,1
26,2015,1
26,2013,1
26,2014,1
26,2014,1
26,2014,1
26,2010,1
26,2011,0
26,2011,1
26,2012,1
26,2017,1
26,2012,1
26,2015,1
26,2015,1
26,2016,1
26,2016,0
26,2016,0
26,2017,1
26,2017,1
26,2020,1
26,2011,1
26,2012,0
26,2013,1
26,2013,1
26,2018,1
26,2018,1
26,2018,1
26,2019,1
26,2019,0
26,2019,1
26,2020,1
26,2020,1
26,2021,1
26,2021,1
26,2021,1
26,2022,1
26,2022,1
26,2022,1
27,2006,1
27,2006,0
27,2006,1
27,2007,0
27,2007,0
27,2007,0
27,2008,0
27,2008,0
27,2008,0
27,2009,0
27,2009,0
27,2009,0
27,2010,0
27,2010,0
27,2015,0
27,2013,0
27,2014,0
27,2014,0
27,2014,0
27,2010,0
27,2011,1
27,2011,1
27,2012,0
27,2017,0
27,2012,0
27,2015,1
27,2015,0
27,2016,0
27,2016,0
27,2016,0
27,2017,0
27,2017,0
27,2011,1
27,2012,1
27,2013,0
27,2013,0
27,2018,1
27,2018,1
27,2018,1
27,2019,1
27,2019,0
27,2019,0
27,2020,0
27,2020,0
27,2020,0
27,2021,0
27,2021,0
27,2021,0
27,2022,1
27,2022,0
27,2022,1
28,2006,1
28,2006,0
28,2006,1
28,2007,0
28,2007,1
28,2007,1
28,2008,1
28,2008,1
28,2008,1
28,2009,1
28,2009,1
28,2009,1
28,2010,1
28,2010,1
28,2011,1
28,2016,1
28,2015,1
28,2017,1
28,2013,1
28,2014,1
28,2014,1
28,2011,1
28,2012,1
28,2012,1
28,2010,1
28,2014,1
28,2015,1
28,2015,1
28,2016,1
28,2016,1
28,2017,1
28,2017,1
28,2020,1
28,2018,1
28,2012,1
28,2011,1
28,2013,1
28,2013,1
28,2018,1
28,2018,1
28,2019,1
28,2019,1
28,2019,1
28,2020,1
28,2020,1
28,2021,1
28,2021,1
28,2021,1
28,2022,1
28,2022,1
28,2022,1
29,2006,1
29,2006,1
29,2006,0
29,2006,1
29,2006,1
29,2006,1
29,2007,1
29,2007,1
29,2007,1
29,2007,0
29,2008,1
29,2008,1
29,2008,1
29,2009,0
29,2009,0
29,2009,1
29,2010,0
29,2010,0
29,2011,0
29,2016,0
29,2015,0
29,2017,1
29,2013,0
29,2014,0
29,2014,1
29,2014,0
29,2011,1
29,2012,1
29,2012,0
29,2010,0
29,2015,0
29,2015,0
29,2016,0
29,2016,0
29,2017,0
29,2017,1
29,2020,0
29,2018,0
29,2012,1
29,2011,1
29,2013,0
29,2013,0
29,2018,0
29,2018,1
29,2019,1
29,2019,0
29,2019,1
29,2020,0
29,2020,0
29,2021,0
29,2021,1
29,2021,1
29,2022,0
29,2022,1
29,2022,1
31,2007,1
31,2008,0
31,2008,0
31,2008,0
31,2009,0
31,2009,0
31,2010,0
31,2009,0
31,2010,0
31,2011,0
31,2016,0
31,2015,0
31,2013,0
31,2014,0
31,2014,0
31,2014,0
31,2011,0
31,2012,0
31,2017,0
31,2012,0
31,2010,0
31,2014,0
31,2015,0
31,2015,0
31,2016,0
31,2016,0
31,2017,0
31,2017,0
31,2020,0
31,2018,0
31,2012,0
31,2011,0
31,2013,0
31,2013,0
31,2018,0
31,2018,0
31,2019,0
31,2019,0
31,2019,0
31,2020,0
31,2020,0
31,2021,0
31,2021,0
31,2021,0
31,2022,0
31,2022,0
31,2022,0
32,2006,0
32,2006,0
32,2006,0
32,2006,0
32,2006,0
32,2006,0
32,2006,0
32,2006,1
32,2006,0
32,2006,0
32,2006,0
32,2006,0
32,2006,0
32,2006,0
32,2006,0
32,2006,0
32,2006,0
32,2006,0
32,2007,1
32,2007,0
32,2007,0
32,2007,0
32,2007,0
32,2008,0
32,2008,0
32,2008,0
32,2009,0
32,2009,0
32,2009,0
32,2010,0
32,2010,0
32,2011,0
32,2017,0
32,2013,0
32,2014,0
32,2014,0
32,2014,0
32,2011,0
32,2010,0
32,2011,0
32,2012,0
32,2012,0
32,2015,0
32,2015,0
32,2015,0
32,2016,0
32,2016,0
32,2016,0
32,2017,0
32,2017,0
32,2020,0
32,2018,0
32,2012,0
32,2013,0
32,2013,0
32,2018,0
32,2018,0
32,2019,0
32,2019,0
32,2019,0
32,2020,0
32,2020,0
32,2022,0
32,2021,0
32,2021,0
32,2021,0
32,2022,0
32,2022,0
34,2006,0
34,2006,1
34,2006,1
34,2006,0
34,2006,0
34,2006,0
34,2006,0
34,2006,0
34,2006,0
34,2006,0
34,2006,0
34,2006,0
34,2006,0
34,2006,0
34,2006,0
34,2006,0
34,2006,0
34,2006,0
34,2007,0
34,2007,0
34,2007,0
34,2008,0
34,2008,0
34,2008,1
34,2006,0
34,2009,0
34,2009,0
34,2009,1
34,2011,0
34,2017,1
34,2013,0
34,2014,1
34,2014,0
34,2014,1
34,2011,0
34,2010,1
34,2011,0
34,2012,1
34,2012,0
34,2015,1
34,2015,0
34,2015,0
34,2016,0
34,2016,0
34,2016,0
34,2017,1
34,2017,1
34,2020,0
34,2018,1
34,2012,0
34,2013,0
34,2013,0
34,2018,1
34,2018,1
34,2019,1
34,2019,0
34,2019,1
34,2020,0
34,2020,0
34,2022,0
34,2021,1
34,2021,0
34,2021,1
34,2022,0
34,2022,0
38,2006,0
38,2006,0
38,2006,0
38,2007,0
38,2007,0
38,2008,1
38,2008,0
38,2008,0
38,2009,0
38,2009,0
38,2009,0
38,2009,0
38,2010,0
38,2010,0
38,2014,0
38,2014,0
38,2014,0
38,2011,0
38,2011,0
38,2011,0
38,2012,0
38,2017,0
38,2012,0
38,2010,0
38,2010,0
38,2015,0
38,2015,0
38,2015,0
38,2016,0
38,2016,0
38,2016,0
38,2017,0
38,2017,0
38,2012,0
38,2013,0
38,2013,0
38,2013,0
38,2018,0
38,2018,0
38,2018,0
38,2019,0
38,2019,0
38,2019,0
38,2020,0
38,2020,0
38,2020,0
38,2021,0
38,2021,0
38,2021,0
38,2022,0
38,2022,0
38,2022,0
39,2006,0
39,2006,0
39,2006,0
39,2007,0
39,2007,0
39,2007,0
39,2008,0
39,2008,0
39,2008,0
39,2009,0
39,2009,0
39,2009,0
39,2010,0
39,2010,0
39,2014,0
39,2014,0
39,2014,0
39,2011,0
39,2011,0
39,2011,0
39,2012,0
39,2017,0
39,2012,0
39,2015,0
39,2015,0
39,2015,0
39,2016,0
39,2016,0
39,2016,0
39,2017,0
39,2017,0
39,2012,0
39,2013,0
39,2013,0
39,2013,0
39,2018,0
39,2018,0
39,2018,0
39,2019,0
39,2019,0
39,2019,0
39,2020,0
39,2020,0
39,2020,0
39,2021,0
39,2021,0
39,2021,0
39,2022,0
39,2022,0
39,2022,0
42,2006,0
42,2006,0
42,2006,0
42,2007,0
42,2007,0
42,2007,0
42,2008,0
42,2008,0
42,2008,0
42,2009,0
42,2009,0
42,2009,0
42,2009,0
42,2010,0
42,2016,0
42,2015,0
42,2017,0
42,2013,0
42,2014,0
42,2014,0
42,2014,0
42,2010,0
42,2012,0
42,2012,0
42,2015,0
42,2015,0
42,2016,0
42,2016,0
42,2017,0
42,2017,0
42,2020,0
42,2011,0
42,2012,0
42,2013,0
42,2013,0
42,2018,0
42,2018,0
42,2018,0
42,2019,0
42,2019,0
42,2019,0
42,2020,0
42,2020,0
42,2021,0
42,2021,0
42,2021,0
42,2022,0
42,2022,0
42,2022,0
43,2006,0
43,2006,0
43,2006,0
43,2007,0
43,2007,0
43,2007,0
43,2007,0
43,2008,0
43,2008,0
43,2008,0
43,2014,0
43,2011,0
44,2006,0
44,2006,0
44,2006,0
44,2007,0
44,2007,0
44,2007,0
44,2007,0
44,2008,0
44,2008,0
44,2008,0
44,2011,0
46,2006,0
46,2006,0
46,2006,0
46,2007,0
46,2007,0
46,2007,0
46,2007,0
46,2008,0
46,2008,0
46,2008,0
46,2011,0
47,2006,0
47,2006,0
47,2006,0
47,2007,0
47,2007,0
47,2007,0
47,2007,0
47,2008,0
47,2008,0
47,2008,0
47,2011,0
49,2006,0
49,2006,0
49,2006,0
49,2007,0
49,2008,0
49,2008,0
49,2008,0
49,2009,0
49,2009,0
49,2010,0
49,2010,0
49,2010,0
49,2015,0
49,2013,0
49,2014,0
49,2014,0
49,2014,0
49,2014,0
49,2011,0
49,2011,0
49,2011,0
49,2012,1
49,2017,0
49,2012,0
49,2015,0
49,2015,0
49,2016,0
49,2016,0
49,2016,0
49,2017,0
49,2017,0
49,2012,0
49,2013,0
49,2013,0
49,2018,0
49,2018,1
49,2018,0
49,2019,0
49,2019,0
49,2019,0
49,2020,0
49,2020,0
49,2020,0
49,2021,0
49,2021,0
49,2021,0
49,2022,1
49,2022,0
49,2022,0
51,2006,0
51,2006,0
51,2006,0
51,2007,1
51,2007,0
51,2008,0
51,2008,1
51,2008,1
51,2009,1
51,2009,1
51,2009,1
51,2010,1
51,2010,1
51,2011,0
51,2016,0
51,2015,0
51,2017,0
51,2013,0
51,2014,0
51,2014,0
51,2011,0
51,2011,0
51,2012,0
51,2012,0
51,2010,1
51,2014,0
51,2015,0
51,2015,0
51,2016,0
51,2016,0
51,2017,0
51,2017,0
51,2020,0
51,2018,0
51,2012,0
51,2013,1
51,2013,0
51,2018,0
51,2018,1
51,2019,0
51,2019,0
51,2019,0
51,2020,0
51,2020,0
51,2021,0
51,2021,0
51,2021,0
51,2022,0
51,2022,0
51,2022,0
52,2006,0
52,2006,0
52,2006,0
52,2007,0
52,2007,0
52,2007,0
52,2008,0
52,2008,0
52,2008,0
52,2009,0
52,2009,0
52,2009,0
52,2010,0
52,2010,0
52,2016,0
52,2015,0
52,2017,0
52,2013,0
52,2014,0
52,2014,0
52,2011,0
52,2011,0
52,2011,0
52,2012,0
52,2012,0
52,2010,0
52,2014,0
52,2015,0
52,2015,0
52,2016,0
52,2016,0
52,2017,0
52,2017,0
52,2020,0
52,2018,0
52,2012,0
52,2013,0
52,2013,0
52,2018,0
52,2018,0
52,2019,0
52,2019,0
52,2019,0
52,2020,0
52,2020,0
52,2021,0
52,2021,0
52,2021,0
52,2022,0
52,2022,0
52,2022,0
56,2006,0
56,2006,0
56,2006,0
56,2007,1
56,2007,0
56,2008,0
56,2008,0
56,2008,0
56,2009,0
56,2009,0
56,2010,0
56,2010,0
56,2016,0
56,2017,0
56,2013,0
56,2014,0
56,2014,0
56,2014,1
56,2011,0
56,2010,0
56,2011,0
56,2011,0
56,2012,0
56,2015,0
56,2015,0
56,2015,0
56,2016,0
56,2016,0
56,2017,0
56,2017,0
56,2018,0
56,2012,0
56,2013,0
56,2013,0
56,2018,0
56,2018,0
56,2019,1
56,2019,0
56,2019,0
56,2020,0
56,2020,0
56,2022,0
56,2020,0
56,2021,1
56,2021,1
56,2021,1
56,2022,0
56,2022,0
64,2006,0
64,2006,0
64,2006,0
64,2006,0
64,2006,0
64,2006,0
64,2007,0
64,2007,0
64,2007,0
64,2007,0
64,2007,0
64,2008,0
64,2008,0
64,2008,0
64,2011,0
68,2006,0
68,2006,0
68,2006,0
68,2007,0
68,2008,0
68,2008,0
68,2008,0
68,2009,0
68,2009,0
68,2009,0
68,2009,0
68,2010,0
68,2010,0
68,2011,0
68,2014,0
68,2014,0
68,2014,0
68,2011,0
68,2011,0
68,2012,0
68,2012,0
68,2010,0
68,2015,0
68,2015,0
68,2015,0
68,2016,0
68,2016,0
68,2016,0
68,2017,0
68,2017,0
68,2017,0
68,2012,0
68,2013,0
68,2013,0
68,2013,0
68,2018,0
68,2018,0
68,2018,0
68,2019,0
68,2019,0
68,2019,0
68,2020,0
68,2020,0
68,2020,0
68,2021,0
68,2021,0
68,2021,0
68,2022,0
68,2022,0
68,2022,0
70,2006,0
70,2006,0
70,2006,0
70,2007,0
70,2007,0
70,2008,0
70,2008,0
70,2008,0
70,2009,0
70,2009,0
70,2009,0
70,2010,0
70,2010,0
70,2011,0
70,2014,0
70,2014,0
70,2014,0
70,2011,0
70,2011,0
70,2012,0
70,2017,0
70,2010,0
70,2015,0
70,2015,0
70,2015,0
70,2016,0
70,2016,0
70,2016,0
70,2017,0
70,2017,0
70,2012,0
70,2013,0
70,2013,0
70,2013,0
70,2018,0
70,2018,0
70,2018,0
70,2019,0
70,2019,0
70,2019,0
70,2020,0
70,2020,0
70,2020,0
70,2021,0
70,2021,0
70,2021,0
70,2022,0
70,2022,0
70,2022,0
71,2006,0
71,2006,0
71,2006,0
71,2007,0
71,2007,0
71,2007,0
71,2008,0
71,2008,0
71,2008,0
71,2009,0
71,2009,0
71,2009,0
71,2010,0
71,2010,0
71,2011,0
71,2014,0
71,2014,0
71,2014,0
71,2011,0
71,2011,0
71,2012,0
71,2017,0
71,2012,0
71,2010,0
71,2015,0
71,2015,0
71,2015,0
71,2016,0
71,2016,0
71,2016,0
71,2017,0
71,2017,0
71,2012,0
71,2013,0
71,2013,0
71,2013,0
71,2018,0
71,2018,0
71,2018,0
71,2019,0
71,2019,0
71,2019,0
71,2020,0
71,2020,0
71,2020,0
71,2021,0
71,2021,0
71,2021,0
71,2022,0
71,2022,0
71,2022,0
72,2006,0
72,2006,0
72,2006,0
72,2007,0
72,2007,0
72,2007,0
72,2008,0
72,2008,0
72,2008,0
72,2009,0
72,2009,0
72,2010,0
72,2010,0
72,2011,0
72,2013,0
72,2014,0
72,2014,0
72,2014,0
72,2011,0
72,2010,0
72,2011,0
72,2012,0
72,2012,0
72,2015,0
72,2015,0
72,2015,0
72,2016,0
72,2016,0
72,2016,0
72,2017,0
72,2017,0
72,2017,0
72,2012,0
72,2013,0
72,2013,0
72,2018,0
72,2018,0
72,2018,0
72,2019,0
72,2019,0
72,2019,0
72,2020,0
72,2020,0
72,2009,0
72,2020,0
72,2021,0
72,2021,0
72,2021,0
72,2022,0
72,2022,0
72,2022,0
73,2006,0
73,2006,0
73,2006,0
73,2007,0
73,2007,0
73,2007,0
73,2008,0
73,2008,0
73,2008,0
73,2009,0
73,2010,0
73,2010,0
73,2015,0
73,2013,0
73,2014,0
73,2014,0
73,2014,0
73,2010,0
73,2011,0
73,2011,0
73,2012,0
73,2017,0
73,2012,0
73,2015,0
73,2015,0
73,2016,0
73,2016,0
73,2016,0
73,2017,0
73,2017,0
73,2020,0
73,2011,0
73,2012,0
73,2013,0
73,2013,0
73,2018,0
73,2018,0
73,2018,0
73,2019,0
73,2019,0
73,2019,0
73,2020,0
73,2020,0
73,2009,0
73,2009,0
73,2021,0
73,2021,0
73,2021,0
73,2022,0
73,2022,0
73,2022,1
77,2006,0
77,2006,0
77,2006,0
77,2007,0
77,2007,0
77,2008,0
77,2008,0
77,2008,0
77,2009,0
77,2009,0
77,2010,0
77,2010,0
77,2011,0
77,2013,0
77,2014,0
77,2014,0
77,2014,0
77,2011,0
77,2011,0
77,2012,0
77,2017,0
77,2012,0
77,2010,0
77,2015,0
77,2015,0
77,2015,0
77,2016,0
77,2016,0
77,2016,0
77,2017,0
77,2017,0
77,2012,0
77,2013,0
77,2013,0
77,2018,0
77,2018,0
77,2018,0
77,2019,0
77,2019,0
77,2019,0
77,2020,0
77,2020,0
77,2009,0
77,2020,0
77,2021,0
77,2021,0
77,2021,0
77,2022,0
77,2022,0
77,2022,0
78,2006,0
78,2006,0
78,2006,0
78,2007,0
78,2007,0
78,2008,0
78,2008,0
78,2008,0
78,2009,0
78,2009,0
78,2010,0
78,2010,0
78,2011,0
78,2013,0
78,2014,0
78,2014,0
78,2014,0
78,2011,0
78,2011,0
78,2012,0
78,2017,0
78,2012,0
78,2010,0
78,2015,0
78,2015,0
78,2015,0
78,2016,0
78,2016,0
78,2016,0
78,2017,0
78,2017,0
78,2012,0
78,2012,0
78,2013,0
78,2013,0
78,2018,0
78,2018,0
78,2018,0
78,2019,0
78,2019,0
78,2019,0
78,2020,0
78,2020,0
78,2009,0
78,2020,0
78,2021,0
78,2021,0
78,2021,0
78,2022,0
78,2022,0
78,2022,0
84,2006,0
84,2006,0
84,2006,0
84,2007,0
84,2007,0
84,2007,0
84,2008,0
84,2008,0
84,2008,0
84,2009,0
84,2009,0
84,2010,0
84,2010,0
84,2011,0
84,2014,0
84,2014,0
84,2014,0
84,2011,0
84,2010,0
84,2011,0
84,2012,0
84,2012,0
84,2015,0
84,2015,0
84,2015,0
84,2016,0
84,2016,0
84,2016,0
84,2017,0
84,2017,0
84,2017,0
84,2012,0
84,2013,0
84,2013,0
84,2013,0
84,2018,0
84,2018,0
84,2018,0
84,2019,0
84,2019,0
84,2019,0
84,2020,0
84,2020,0
84,2009,0
84,2020,0
84,2021,0
84,2021,0
84,2021,0
84,2022,0
84,2022,0
84,2022,0
86,2006,1
86,2006,0
86,2006,1
86,2007,0
86,2007,0
86,2008,1
86,2008,1
86,2008,1
86,2009,1
86,2009,1
86,2009,1
86,2010,1
86,2010,1
86,2015,0
86,2013,1
86,2014,1
86,2014,1
86,2014,1
86,2010,1
86,2011,1
86,2011,1
86,2012,1
86,2017,1
86,2012,1
86,2015,1
86,2015,1
86,2016,1
86,2016,1
86,2016,1
86,2017,0
86,2017,1
86,2011,1
86,2012,1
86,2013,1
86,2013,1
86,2018,1
86,2018,1
86,2018,1
86,2019,1
86,2019,0
86,2019,1
86,2020,1
86,2020,1
86,2020,1
86,2021,1
86,2021,1
86,2021,1
86,2022,1
86,2022,1
86,2022,1
88,2006,0
88,2006,0
88,2006,0
88,2007,0
88,2007,0
88,2007,0
88,2008,0
88,2008,0
88,2008,0
88,2009,0
88,2009,0
88,2009,0
88,2010,0
88,2010,0
88,2015,0
88,2013,0
88,2014,0
88,2014,0
88,2014,0
88,2010,0
88,2011,0
88,2011,0
88,2012,0
88,2017,0
88,2012,0
88,2015,0
88,2015,0
88,2016,0
88,2016,0
88,2016,0
88,2017,0
88,2017,0
88,2020,0
88,2011,0
88,2012,0
88,2013,0
88,2013,0
88,2018,0
88,2018,0
88,2018,0
88,2019,0
88,2019,0
88,2019,0
88,2020,0
88,2020,0
88,2021,0
88,2021,0
88,2021,0
88,2022,0
88,2022,0
88,2022,0
89,2006,0
89,2006,0
89,2006,0
89,2007,0
89,2007,0
89,2007,0
89,2007,0
89,2008,0
89,2008,0
89,2008,0
89,2009,0
89,2009,0
89,2009,0
89,2010,0
89,2010,0
89,2015,0
89,2013,1
89,2014,0
89,2014,0
89,2014,0
89,2010,0
89,2011,0
89,2011,0
89,2012,0
89,2017,0
89,2012,0
89,2015,0
89,2015,0
89,2016,1
89,2016,0
89,2016,0
89,2017,0
89,2017,0
89,2020,0
89,2011,0
89,2012,0
89,2013,0
89,2013,0
89,2018,0
89,2018,0
89,2018,0
89,2019,0
89,2019,0
89,2019,0
89,2020,0
89,2020,0
89,2021,0
89,2021,0
89,2021,0
89,2022,0
89,2011,0
89,2022,0
90,2006,0
90,2006,0
90,2006,0
90,2007,0
90,2007,0
90,2007,0
90,2008,0
90,2008,0
90,2008,0
90,2009,0
90,2009,0
90,2009,0
90,2010,0
90,2010,0
90,2015,0
90,2013,0
90,2014,0
90,2014,0
90,2014,1
90,2010,0
90,2011,0
90,2011,0
90,2012,0
90,2017,0
90,2012,0
90,2015,0
90,2015,0
90,2016,0
90,2016,0
90,2016,0
90,2017,0
90,2017,0
90,2020,0
90,2011,0
90,2012,0
90,2013,0
90,2013,0
90,2018,0
90,2018,0
90,2018,0
90,2019,0
90,2019,0
90,2019,0
90,2020,0
90,2020,0
90,2021,0
90,2021,0
90,2021,0
90,2022,0
90,2022,0
90,2022,0
92,2006,0
92,2006,0
92,2006,0
92,2007,0
92,2007,0
92,2008,0
92,2008,0
92,2008,0
92,2009,0
92,2009,0
92,2009,0
92,2010,0
92,2010,0
92,2015,0
92,2013,1
92,2014,0
92,2014,0
92,2014,0
92,2010,0
92,2011,0
92,2011,0
92,2012,0
92,2017,0
92,2012,0
92,2015,0
92,2015,0
92,2016,0
92,2016,0
92,2016,0
92,2017,0
92,2017,0
92,2020,0
92,2011,0
92,2012,0
92,2013,0
92,2013,0
92,2018,0
92,2018,0
92,2018,0
92,2019,0
92,2019,0
92,2019,0
92,2020,0
92,2020,0
92,2021,0
92,2021,0
92,2021,0
92,2022,0
92,2022,0
92,2022,0
103,2006,0
103,2006,0
103,2006,0
103,2007,0
103,2007,0
103,2008,0
103,2008,0
103,2008,0
103,2009,0
103,2009,0
103,2009,0
103,2010,0
103,2010,0
103,2014,0
103,2014,0
103,2014,0
103,2011,0
103,2011,0
103,2011,0
103,2012,0
103,2017,0
103,2012,0
103,2010,0
103,2015,0
103,2015,0
103,2015,0
103,2016,0
103,2016,0
103,2016,0
103,2017,0
103,2017,0
103,2012,0
103,2013,0
103,2013,0
103,2013,0
103,2018,0
103,2018,0
103,2018,0
103,2019,0
103,2019,0
103,2019,0
103,2020,0
103,2020,0
103,2020,0
103,2021,0
103,2021,0
103,2021,0
103,2022,0
103,2022,0
103,2022,0
104,2006,0
104,2006,0
104,2006,0
104,2007,0
104,2007,0
104,2007,0
104,2008,0
104,2008,0
104,2008,0
104,2009,0
104,2009,0
104,2009,0
104,2010,0
104,2010,0
104,2014,0
104,2014,0
104,2014,0
104,2011,0
104,2011,0
104,2011,0
104,2012,0
104,2017,0
104,2012,0
104,2010,0
104,2015,0
104,2015,0
104,2015,0
104,2016,0
104,2016,0
104,2016,0
104,2017,0
104,2017,0
104,2012,0
104,2013,0
104,2013,0
104,2013,0
104,2018,0
104,2018,0
104,2018,0
104,2019,0
104,2019,0
104,2019,0
104,2020,0
104,2020,0
104,2020,0
104,2021,0
104,2021,0
104,2021,0
104,2022,0
104,2022,0
104,2022,0
105,2006,0
105,2006,0
105,2006,0
105,2007,0
105,2007,0
105,2007,0
105,2008,0
105,2008,0
105,2008,0
105,2009,0
105,2009,0
105,2010,0
105,2010,0
105,2014,0
105,2014,0
105,2014,0
105,2011,0
105,2011,0
105,2011,0
105,2012,0
105,2017,0
105,2012,0
105,2010,0
105,2015,0
105,2015,0
105,2015,0
105,2016,0
105,2016,0
105,2016,0
105,2017,0
105,2017,0
105,2012,0
105,2013,0
105,2013,0
105,2013,0
105,2018,0
105,2018,0
105,2018,0
105,2019,0
105,2019,0
105,2019,0
105,2020,0
105,2020,0
105,2020,0
105,2021,0
105,2021,0
105,2021,0
105,2022,0
105,2022,0
105,2022,0
125,2006,1
125,2006,1
125,2006,1
125,2006,1
125,2006,1
125,2006,1
125,2006,1
125,2006,1
125,2006,1
125,2006,1
125,2006,1
125,2006,1
125,2006,1
125,2006,1
125,2006,0
125,2006,0
125,2006,0
125,2006,0
125,2007,0
125,2007,1
125,2007,1
125,2007,1
125,2008,1
125,2008,1
125,2008,1
125,2009,1
125,2009,1
125,2009,1
125,2010,1
125,2010,1
125,2015,1
125,2013,1
125,2014,1
125,2014,1
125,2014,1
125,2010,1
125,2011,1
125,2011,1
125,2012,1
125,2017,1
125,2012,1
125,2015,1
125,2015,1
125,2016,1
125,2016,1
125,2016,1
125,2017,1
125,2017,1
125,2020,1
125,2011,1
125,2012,1
125,2013,1
125,2013,1
125,2018,1
125,2018,1
125,2018,1
125,2019,1
125,2019,1
125,2019,1
125,2020,1
125,2020,1
125,2021,1
125,2021,1
125,2021,1
125,2022,1
125,2022,1
125,2022,1
128,2006,0
128,2006,0
128,2006,0
128,2007,0
128,2007,0
128,2007,0
128,2007,0
128,2008,0
128,2008,0
128,2008,0
128,2010,0
135,2006,0
135,2006,0
135,2006,0
135,2007,0
135,2007,0
135,2007,0
135,2008,0
135,2008,0
135,2008,0
135,2009,0
135,2009,0
135,2009,0
135,2010,0
135,2010,0
135,2014,0
135,2014,0
135,2014,0
135,2011,0
135,2011,0
135,2011,0
135,2012,0
135,2017,0
135,2012,0
135,2010,0
135,2015,0
135,2015,0
135,2015,0
135,2016,0
135,2016,0
135,2016,0
135,2017,0
135,2017,0
135,2012,0
135,2013,0
135,2013,0
135,2013,0
135,2018,0
135,2018,0
135,2018,0
135,2019,0
135,2019,0
135,2019,0
135,2020,0
135,2020,0
135,2020,0
135,2021,0
135,2021,0
135,2021,0
135,2022,0
135,2022,0
135,2022,0
142,2008,1
142,2008,0
142,2008,0
142,2009,1
142,2009,1
142,2009,1
142,2010,1
142,2011,1
142,2016,1
142,2013,1
142,2014,1
142,2014,0
142,2014,0
142,2011,0
142,2011,1
142,2012,1
142,2017,1
142,2015,1
142,2015,1
142,2015,1
142,2016,1
142,2016,1
142,2017,1
142,2017,1
142,2012,1
142,2012,0
142,2013,1
142,2013,1
142,2018,1
142,2018,1
142,2018,1
142,2019,1
142,2019,1
142,2019,1
142,2020,1
142,2020,1
142,2020,1
142,2021,1
142,2021,1
142,2021,1
142,2022,1
142,2022,1
142,2022,1
143,2008,0
143,2008,0
143,2008,0
143,2009,1
143,2009,0
143,2009,0
143,2010,1
143,2011,0
143,2016,0
143,2013,0
143,2014,0
143,2014,0
143,2014,0
143,2011,0
143,2011,0
143,2012,0
143,2017,0
143,2015,0
143,2015,0
143,2015,0
143,2016,0
143,2016,0
143,2017,0
143,2017,0
143,2012,0
143,2012,0
143,2013,0
143,2013,0
143,2018,1
143,2018,1
143,2018,0
143,2019,0
143,2019,0
143,2019,0
143,2020,0
143,2020,0
143,2020,0
143,2021,0
143,2021,1
143,2021,0
143,2022,0
143,2022,0
143,2022,0
144,2008,0
144,2008,0
144,2008,0
144,2009,1
144,2009,0
144,2009,1
144,2010,1
144,2011,1
144,2016,0
144,2013,0
144,2014,0
144,2014,1
144,2011,0
144,2011,0
144,2012,0
144,2017,1
144,2015,1
144,2015,0
144,2015,0
144,2016,0
144,2016,0
144,2017,0
144,2017,0
144,2012,0
144,2012,0
144,2013,0
144,2013,1
144,2018,1
144,2018,0
144,2018,0
144,2019,0
144,2019,0
144,2019,0
144,2020,1
144,2020,0
144,2020,1
144,2021,0
144,2021,0
144,2021,0
144,2022,1
144,2022,0
144,2022,0
150,2006,0
150,2006,0
150,2006,0
150,2006,0
150,2007,0
150,2007,0
150,2007,0
150,2008,0
150,2008,1
150,2008,1
150,2009,0
150,2009,0
150,2009,1
150,2010,0
150,2013,1
150,2014,1
150,2014,1
150,2014,1
150,2010,1
150,2011,0
150,2011,0
150,2012,0
150,2017,1
150,2012,1
150,2015,1
150,2015,1
150,2015,1
150,2016,1
150,2016,1
150,2016,1
150,2017,0
150,2017,1
150,2011,0
150,2012,0
150,2013,0
150,2013,1
150,2018,0
150,2018,0
150,2018,1
150,2019,1
150,2019,0
150,2019,0
150,2020,1
150,2020,0
150,2020,1
150,2021,1
150,2021,1
150,2021,0
150,2022,1
150,2022,0
150,2022,1
159,2006,0
159,2006,0
159,2007,0
159,2007,0
159,2007,0
159,2008,0
159,2008,0
159,2008,0
159,2009,0
159,2009,0
159,2009,0
159,2010,0
159,2010,0
159,2011,0
159,2016,0
159,2017,0
159,2013,0
159,2014,0
159,2014,0
159,2014,0
159,2011,0
159,2010,0
159,2011,0
159,2012,0
159,2015,0
159,2015,0
159,2015,0
159,2016,0
159,2016,0
159,2017,0
159,2017,0
159,2020,0
159,2018,0
159,2012,0
159,2012,0
159,2013,0
159,2013,0
159,2018,0
159,2018,0
159,2019,0
159,2019,0
159,2019,0
159,2020,0
159,2020,0
159,2021,0
159,2021,0
159,2021,0
159,2022,0
159,2022,0
159,2022,0
160,2006,1
160,2006,0
160,2006,0
160,2007,0
160,2007,0
160,2007,0
160,2007,0
160,2007,0
160,2008,0
160,2008,0
160,2008,0
160,2009,0
160,2009,0
160,2009,0
160,2010,0
160,2010,0
160,2011,0
160,2016,0
160,2015,1
160,2013,0
160,2014,1
160,2014,1
160,2011,0
160,2017,1
160,2012,0
160,2012,0
160,2010,0
160,2014,0
160,2015,0
160,2015,1
160,2016,0
160,2016,0
160,2017,1
160,2017,1
160,2020,0
160,2012,0
160,2011,0
160,2013,0
160,2013,0
160,2018,0
160,2018,0
160,2018,0
160,2019,0
160,2019,0
160,2019,0
160,2020,0
160,2020,0
160,2021,0
160,2021,0
160,2021,0
160,2022,0
160,2022,0
160,2022,0
161,2007,0
161,2007,0
161,2007,0
161,2008,1
161,2008,0
161,2008,0
161,2009,0
161,2009,0
161,2009,0
161,2010,0
161,2011,0
161,2016,0
161,2015,1
161,2017,0
161,2013,0
161,2014,0
161,2014,1
161,2014,1
161,2011,0
161,2012,0
161,2012,0
161,2010,0
161,2015,0
161,2015,0
161,2016,0
161,2016,0
161,2017,0
161,2017,0
161,2020,0
161,2018,0
161,2012,0
161,2011,0
161,2013,0
161,2013,0
161,2018,0
161,2018,0
161,2019,0
161,2019,0
161,2019,0
161,2020,0
161,2020,0
161,2021,0
161,2021,0
161,2021,1
161,2022,0
161,2022,0
161,2022,0
162,2006,0
162,2006,0
162,2006,0
162,2007,0
162,2007,0
162,2007,0
162,2008,1
162,2008,1
162,2008,0
162,2009,1
162,2009,1
162,2009,1
162,2010,1
162,2011,0
162,2016,0
162,2015,0
162,2017,0
162,2013,0
162,2014,1
162,2014,1
162,2011,1
162,2012,1
162,2012,1
162,2010,1
162,2014,0
162,2015,0
162,2015,0
162,2016,0
162,2016,0
162,2017,0
162,2017,0
162,2020,0
162,2018,0
162,2012,1
162,2011,0
162,2013,0
162,2013,0
162,2018,0
162,2018,0
162,2019,1
162,2019,1
162,2019,1
162,2020,0
162,2020,0
162,2021,1
162,2021,1
162,2021,1
162,2022,1
162,2022,0
162,2022,1
163,2006,0
163,2006,1
163,2006,0
163,2006,0
163,2006,0
163,2006,0
163,2007,0
163,2007,1
163,2007,0
163,2008,1
163,2008,1
163,2008,1
163,2009,0
163,2009,0
163,2009,0
163,2010,1
163,2010,0
163,2015,0
163,2013,1
163,2014,1
163,2014,0
163,2014,0
163,2010,1
163,2011,0
163,2011,1
163,2012,1
163,2017,0
163,2012,0
163,2015,1
163,2015,0
163,2016,0
163,2016,0
163,2016,0
163,2017,0
163,2017,0
163,2020,0
163,2011,1
163,2012,0
163,2013,1
163,2013,0
163,2018,1
163,2018,0
163,2018,1
163,2019,1
163,2019,1
163,2019,0
163,2020,0
163,2020,1
163,2021,0
163,2021,1
163,2021,0
163,2022,0
163,2022,1
163,2022,1
164,2006,0
164,2006,0
164,2006,0
164,2007,0
164,2008,0
164,2008,0
164,2008,0
164,2009,0
164,2009,0
164,2010,0
164,2010,0
164,2010,0
164,2015,0
164,2013,0
164,2014,0
164,2014,0
164,2014,0
164,2011,0
164,2011,0
164,2011,0
164,2012,1
164,2017,0
164,2015,1
164,2015,0
164,2016,0
164,2016,0
164,2016,0
164,2017,0
164,2017,0
164,2012,0
164,2012,1
164,2013,0
164,2013,0
164,2018,0
164,2018,0
164,2018,0
164,2019,1
164,2019,0
164,2019,1
164,2020,0
164,2020,0
164,2020,0
164,2021,0
164,2021,0
164,2021,0
164,2022,0
164,2022,0
164,2022,1
165,2006,0
165,2006,0
165,2006,0
165,2007,0
165,2007,0
165,2008,0
165,2008,0
165,2008,0
165,2009,0
165,2009,0
165,2010,0
165,2010,0
165,2010,0
165,2015,0
165,2013,0
165,2014,0
165,2014,0
165,2014,0
165,2011,0
165,2011,0
165,2011,0
165,2012,0
165,2017,1
165,2012,0
165,2015,0
165,2015,0
165,2016,1
165,2016,0
165,2016,0
165,2017,0
165,2017,1
165,2012,0
165,2013,0
165,2013,0
165,2018,0
165,2018,0
165,2018,0
165,2019,0
165,2019,0
165,2019,0
165,2020,1
165,2020,0
165,2020,0
165,2021,0
165,2021,0
165,2021,0
165,2022,0
165,2022,0
165,2022,0
166,2006,0
166,2006,0
166,2006,0
166,2007,0
166,2007,0
166,2008,0
166,2008,0
166,2008,0
166,2009,0
166,2009,0
166,2010,0
166,2010,0
166,2010,0
166,2015,0
166,2013,0
166,2014,0
166,2014,0
166,2014,0
166,2011,0
166,2011,0
166,2011,0
166,2012,0
166,2017,0
166,2012,0
166,2015,0
166,2015,0
166,2016,0
166,2016,0
166,2016,0
166,2017,0
166,2017,0
166,2012,0
166,2013,0
166,2013,0
166,2018,0
166,2018,0
166,2018,0
166,2019,0
166,2019,0
166,2019,0
166,2020,0
166,2020,0
166,2020,0
166,2021,0
166,2021,0
166,2021,0
166,2022,0
166,2022,0
166,2022,0
167,2006,0
167,2006,0
167,2006,0
167,2007,0
167,2007,0
167,2008,0
167,2008,0
167,2008,0
167,2009,0
167,2009,0
167,2010,0
167,2010,1
167,2010,0
167,2010,0
167,2015,0
167,2013,0
167,2014,0
167,2014,0
167,2014,0
167,2011,0
167,2011,0
167,2011,0
167,2012,0
167,2017,0
167,2012,0
167,2015,0
167,2015,0
167,2016,0
167,2016,0
167,2016,0
167,2017,0
167,2017,0
167,2012,0
167,2013,0
167,2013,0
167,2018,0
167,2018,0
167,2018,0
167,2019,0
167,2019,0
167,2019,0
167,2020,0
167,2020,0
167,2020,0
167,2021,0
167,2021,0
167,2021,0
167,2022,0
167,2022,0
167,2022,0
168,2006,0
168,2006,0
168,2006,1
168,2007,0
168,2007,0
168,2007,0
168,2008,0
168,2008,0
168,2008,0
168,2009,0
168,2009,0
168,2009,0
168,2010,0
168,2010,0
168,2015,0
168,2017,0
168,2013,0
168,2014,0
168,2014,0
168,2014,0
168,2010,0
168,2011,0
168,2011,0
168,2012,0
168,2012,0
168,2015,0
168,2015,0
168,2016,0
168,2016,0
168,2016,0
168,2017,0
168,2017,0
168,2011,0
168,2012,0
168,2013,0
168,2013,0
168,2018,0
168,2018,0
168,2018,0
168,2019,0
168,2019,0
168,2019,0
168,2020,0
168,2020,0
168,2020,0
168,2021,0
168,2021,0
168,2021,0
168,2022,0
168,2022,0
168,2022,0
169,2006,0
169,2006,0
169,2007,0
169,2007,0
169,2007,1
169,2007,1
169,2008,0
169,2008,0
169,2008,0
169,2008,0
169,2009,0
169,2009,0
169,2009,0
169,2010,1
169,2010,0
169,2017,1
169,2013,0
169,2014,1
169,2014,0
169,2014,0
169,2011,1
169,2011,1
169,2012,1
169,2012,1
169,2015,1
169,2015,0
169,2015,1
169,2016,1
169,2016,1
169,2016,0
169,2017,1
169,2017,1
169,2011,1
169,2012,0
169,2013,1
169,2013,0
169,2018,0
169,2018,0
169,2018,1
169,2019,0
169,2019,0
169,2019,0
169,2020,0
169,2020,0
169,2020,1
169,2021,1
169,2021,1
169,2021,0
169,2022,0
169,2022,0
169,2022,0
170,2006,0
170,2006,1
170,2006,1
170,2007,0
170,2007,1
170,2007,1
170,2008,0
170,2008,0
170,2008,0
170,2009,0
170,2009,0
170,2009,0
170,2017,0
170,2013,1
170,2014,1
170,2014,1
170,2014,0
170,2011,1
170,2011,1
170,2011,0
170,2012,1
170,2012,1
170,2015,1
170,2015,1
170,2015,1
170,2016,1
170,2016,0
170,2016,0
170,2017,1
170,2017,0
170,2012,1
170,2013,0
170,2013,1
170,2018,1
170,2018,1
170,2018,1
170,2019,1
170,2019,0
170,2019,0
170,2020,1
170,2020,0
170,2020,1
170,2021,1
170,2021,1
170,2021,0
170,2022,1
170,2022,0
170,2022,1
171,2006,0
171,2006,0
171,2006,0
171,2007,0
171,2007,0
171,2008,0
171,2008,0
171,2008,0
171,2009,0
171,2009,0
171,2010,0
171,2010,0
171,2010,0
171,2016,0
171,2017,0
171,2013,0
171,2014,0
171,2014,0
171,2011,0
171,2011,0
171,2011,0
171,2012,0
171,2012,0
171,2014,0
171,2015,0
171,2015,0
171,2015,0
171,2016,0
171,2016,0
171,2017,0
171,2017,0
171,2018,0
171,2012,0
171,2013,0
171,2013,0
171,2018,0
171,2018,0
171,2019,0
171,2019,0
171,2019,0
171,2020,0
171,2020,0
171,2020,0
171,2022,0
171,2021,0
171,2021,0
171,2021,0
171,2022,0
171,2022,0
171,2022,0
172,2006,0
172,2006,0
172,2006,0
172,2007,0
172,2007,0
172,2008,0
172,2008,0
172,2008,0
172,2009,0
172,2009,0
172,2010,0
172,2010,0
172,2009,0
172,2016,0
172,2017,0
172,2013,0
172,2014,0
172,2014,0
172,2014,0
172,2011,0
172,2011,0
172,2011,0
172,2012,0
172,2015,0
172,2015,0
172,2015,0
172,2016,0
172,2016,0
172,2017,0
172,2017,0
172,2018,0
172,2012,0
172,2013,0
172,2013,0
172,2018,0
172,2018,0
172,2019,0
172,2019,0
172,2019,0
172,2020,0
172,2020,0
172,2022,0
172,2020,0
172,2021,0
172,2021,0
172,2021,0
172,2022,0
173,2006,0
173,2006,0
173,2007,0
173,2007,0
173,2008,0
173,2008,0
173,2008,0
173,2009,0
173,2009,0
173,2010,0
173,2010,0
173,2010,0
173,2016,0
173,2017,0
173,2013,0
173,2014,0
173,2014,0
173,2014,0
173,2011,0
173,2011,0
173,2011,0
173,2012,0
173,2015,0
173,2015,0
173,2015,0
173,2016,0
173,2016,0
173,2017,0
173,2017,0
173,2018,0
173,2012,0
173,2013,0
173,2013,0
173,2018,0
173,2018,0
173,2019,0
173,2019,0
173,2019,0
173,2020,0
173,2020,0
173,2022,0
173,2020,0
173,2021,0
173,2021,0
173,2021,0
173,2022,0
173,2022,0
175,2006,0
175,2006,0
175,2006,0
175,2007,0
175,2007,0
175,2008,0
175,2008,0
175,2008,0
175,2009,0
175,2009,0
175,2010,0
175,2010,0
175,2010,0
175,2016,0
175,2017,0
175,2013,0
175,2014,0
175,2014,0
175,2014,0
175,2011,0
175,2011,0
175,2011,0
175,2012,0
175,2015,0
175,2015,0
175,2015,0
175,2016,0
175,2016,0
175,2017,0
175,2017,0
175,2018,0
175,2012,0
175,2013,0
175,2013,0
175,2018,0
175,2018,0
175,2019,0
175,2019,0
175,2019,0
175,2020,0
175,2020,0
175,2022,0
175,2020,0
175,2021,0
175,2021,0
175,2021,0
175,2022,0
175,2022,0
176,2006,0
176,2006,0
176,2006,1
176,2007,0
176,2007,1
176,2007,0
176,2008,0
176,2008,0
176,2008,0
176,2009,0
176,2009,0
176,2009,0
176,2010,0
176,2011,0
176,2015,0
176,2017,0
176,2013,0
176,2014,0
176,2014,0
176,2014,0
176,2011,0
176,2010,1
176,2011,0
176,2012,0
176,2012,0
176,2015,0
176,2015,0
176,2016,0
176,2016,0
176,2016,0
176,2017,0
176,2017,0
176,2020,0
176,2012,0
176,2013,0
176,2013,0
176,2018,0
176,2018,0
176,2018,0
176,2019,1
176,2019,0
176,2019,0
176,2020,0
176,2020,1
176,2021,1
176,2021,1
176,2021,0
176,2022,0
176,2022,1
176,2022,1
177,2006,0
177,2006,0
177,2006,1
177,2006,0
177,2006,1
177,2006,0
177,2007,0
177,2007,0
177,2007,0
177,2007,0
177,2008,0
177,2008,0
177,2008,0
177,2008,0
177,2009,0
177,2009,0
177,2009,0
177,2010,0
177,2011,1
177,2015,0
177,2017,1
177,2013,1
177,2014,1
177,2014,0
177,2014,0
177,2011,1
177,2010,0
177,2011,0
177,2012,1
177,2012,1
177,2015,0
177,2015,0
177,2016,0
177,2016,1
177,2016,0
177,2017,1
177,2017,0
177,2020,0
177,2012,1
177,2013,0
177,2013,1
177,2018,0
177,2018,0
177,2018,0
177,2019,0
177,2019,1
177,2019,0
177,2020,0
177,2020,0
177,2021,1
177,2021,0
177,2021,0
177,2022,0
177,2022,1
177,2022,1
178,2006,0
178,2006,0
178,2006,0
178,2007,0
178,2007,0
178,2008,0
178,2008,0
178,2008,0
178,2009,0
178,2009,0
178,2009,0
178,2010,0
178,2011,0
178,2015,0
178,2013,0
178,2014,0
178,2014,0
178,2014,0
178,2011,0
178,2010,0
178,2011,0
178,2012,0
178,2017,0
178,2012,0
178,2015,0
178,2015,0
178,2016,0
178,2016,0
178,2016,0
178,2017,0
178,2017,0
178,2012,0
178,2013,0
178,2013,0
178,2018,0
178,2018,0
178,2018,0
178,2019,0
178,2019,0
178,2019,0
178,2020,0
178,2020,0
178,2022,0
178,2020,0
178,2021,0
178,2021,0
178,2021,0
178,2022,0
178,2022,0
179,2006,0
179,2006,0
179,2006,0
179,2007,0
179,2007,0
179,2007,0
179,2008,0
179,2008,0
179,2008,0
179,2009,0
179,2009,0
179,2009,0
179,2010,0
179,2010,0
179,2011,0
179,2015,0
179,2013,0
179,2014,0
179,2014,0
179,2014,0
179,2011,0
179,2010,0
179,2011,0
179,2012,0
179,2017,0
179,2012,0
179,2015,0
179,2015,0
179,2016,0
179,2016,0
179,2016,0
179,2017,0
179,2017,0
179,2020,0
179,2012,0
179,2013,0
179,2013,0
179,2018,0
179,2018,0
179,2018,0
179,2019,0
179,2019,0
179,2019,0
179,2020,0
179,2022,0
179,2020,0
179,2021,0
179,2021,0
179,2021,0
179,2022,0
179,2022,0
181,2006,0
181,2006,0
181,2006,0
181,2006,0
181,2006,0
181,2006,0
181,2007,0
181,2007,0
181,2007,0
181,2008,0
181,2008,0
181,2008,0
181,2011,0
182,2006,0
182,2006,0
182,2006,0
182,2007,0
182,2007,0
182,2008,0
182,2008,0
182,2008,0
182,2009,0
182,2009,0
182,2010,0
182,2010,0
182,2016,0
182,2017,1
182,2013,0
182,2014,0
182,2014,0
182,2014,0
182,2011,0
182,2010,0
182,2011,0
182,2011,0
182,2012,0
182,2015,0
182,2015,0
182,2015,0
182,2016,0
182,2016,0
182,2017,0
182,2017,0
182,2018,0
182,2012,0
182,2013,0
182,2013,0
182,2018,0
182,2018,0
182,2019,0
182,2019,0
182,2019,0
182,2020,0
182,2020,0
182,2022,0
182,2020,0
182,2021,0
182,2021,0
182,2021,0
182,2022,0
182,2022,0
182,2022,0
183,2006,0
183,2006,0
183,2006,0
183,2007,0
183,2007,0
183,2008,1
183,2008,0
183,2008,0
183,2009,0
183,2009,0
183,2010,1
183,2010,1
183,2016,0
183,2017,0
183,2013,0
183,2014,0
183,2014,0
183,2014,0
183,2011,1
183,2010,1
183,2011,0
183,2011,0
183,2012,0
183,2015,0
183,2015,0
183,2015,0
183,2016,0
183,2016,0
183,2017,0
183,2017,0
183,2018,0
183,2012,0
183,2013,0
183,2013,0
183,2018,0
183,2018,0
183,2019,0
183,2019,0
183,2019,0
183,2020,0
183,2020,0
183,2022,1
183,2020,0
183,2021,0
183,2021,0
183,2021,0
183,2022,1
183,2022,1
184,2006,0
184,2006,0
184,2006,0
184,2007,0
184,2008,0
184,2008,0
184,2008,1
184,2009,0
184,2009,0
184,2010,1
184,2010,1
184,2016,0
184,2017,0
184,2013,0
184,2014,0
184,2014,0
184,2014,0
184,2011,1
184,2010,0
184,2011,0
184,2011,0
184,2015,0
184,2015,0
184,2015,0
184,2016,0
184,2016,0
184,2017,0
184,2017,0
184,2018,0
184,2012,0
184,2013,0
184,2013,0
184,2018,0
184,2018,0
184,2019,0
184,2019,0
184,2019,0
184,2020,0
184,2020,0
184,2012,0
184,2022,0
184,2020,0
184,2021,0
184,2021,0
184,2021,0
184,2022,0
184,2022,0
185,2006,1
185,2006,1
185,2007,1
185,2007,1
185,2007,1
185,2008,1
185,2008,1
185,2008,1
185,2009,1
185,2009,1
185,2010,1
185,2010,1
185,2016,0
185,2017,0
185,2013,1
185,2014,1
185,2014,0
185,2014,0
185,2011,1
185,2011,0
185,2011,1
185,2012,1
185,2010,1
185,2015,1
185,2015,0
185,2015,0
185,2016,0
185,2016,0
185,2017,0
185,2017,0
185,2018,0
185,2012,1
185,2013,1
185,2013,1
185,2018,0
185,2018,0
185,2019,0
185,2019,0
185,2019,0
185,2020,0
185,2020,0
185,2022,1
185,2020,0
185,2021,1
185,2021,0
185,2021,1
185,2022,0
185,2022,1
186,2006,0
186,2007,0
186,2007,0
186,2008,0
186,2008,0
186,2008,0
186,2009,0
186,2009,0
186,2009,1
186,2010,0
186,2010,0
186,2016,0
186,2017,0
186,2013,0
186,2014,0
186,2014,0
186,2014,0
186,2011,0
186,2010,0
186,2011,0
186,2011,1
186,2012,0
186,2015,0
186,2015,0
186,2015,0
186,2016,0
186,2016,0
186,2017,0
186,2017,0
186,2018,0
186,2012,0
186,2013,0
186,2013,0
186,2018,0
186,2018,0
186,2019,0
186,2019,0
186,2019,0
186,2020,0
186,2020,0
186,2022,0
186,2020,0
186,2021,0
186,2021,0
186,2021,0
186,2022,0
186,2022,0
187,2006,1
187,2006,0
187,2006,0
187,2007,0
187,2007,0
187,2008,0
187,2008,0
187,2008,0
187,2009,0
187,2009,0
187,2010,0
187,2010,0
187,2010,0
187,2015,0
187,2013,0
187,2014,0
187,2014,0
187,2014,0
187,2011,0
187,2011,0
187,2011,0
187,2012,0
187,2017,0
187,2012,0
187,2015,0
187,2015,0
187,2016,0
187,2016,0
187,2016,0
187,2017,0
187,2017,0
187,2012,0
187,2013,0
187,2013,0
187,2018,0
187,2018,0
187,2018,0
187,2019,0
187,2019,0
187,2019,0
187,2020,0
187,2020,0
187,2020,0
187,2021,0
187,2021,0
187,2021,0
187,2022,0
187,2022,0
187,2022,0
191,2006,0
191,2006,0
191,2006,0
191,2007,0
191,2007,0
191,2007,0
191,2008,0
191,2008,0
191,2008,0
191,2009,0
191,2009,0
191,2010,0
191,2010,0
191,2011,0
191,2013,0
191,2014,0
191,2014,0
191,2014,0
191,2011,0
191,2011,0
191,2012,0
191,2012,0
191,2010,0
191,2012,0
191,2013,0
191,2013,0
191,2009,0
192,2006,1
192,2006,0
192,2006,0
192,2007,0
192,2007,0
192,2007,0
192,2008,0
192,2008,0
192,2008,0
192,2009,0
192,2009,0
192,2010,0
192,2010,0
192,2011,0
192,2016,0
192,2015,0
192,2017,0
192,2013,0
192,2014,0
192,2014,0
192,2014,0
192,2014,0
192,2011,0
192,2011,0
192,2012,0
192,2012,0
192,2010,0
192,2015,0
192,2015,0
192,2016,0
192,2016,0
192,2017,0
192,2017,0
192,2020,0
192,2018,0
192,2012,0
192,2013,0
192,2013,0
192,2018,0
192,2018,0
192,2019,0
192,2019,0
192,2019,0
192,2020,0
192,2009,0
192,2020,0
192,2021,0
192,2021,0
192,2021,0
192,2022,0
192,2022,0
192,2022,0
211,2006,0
211,2006,0
211,2006,0
211,2007,0
211,2007,1
211,2008,1
211,2008,0
211,2008,1
211,2009,0
211,2009,0
211,2009,0
211,2010,1
211,2010,1
211,2015,0
211,2013,1
211,2014,1
211,2014,1
211,2014,1
211,2010,1
211,2011,0
211,2011,1
211,2012,1
211,2017,1
211,2012,1
211,2015,1
211,2015,1
211,2016,1
211,2016,1
211,2016,1
211,2017,1
211,2017,1
211,2011,0
211,2012,1
211,2013,1
211,2013,0
211,2018,1
211,2018,1
211,2018,1
211,2019,1
211,2019,1
211,2019,1
211,2020,1
211,2020,1
211,2020,0
211,2021,1
211,2021,1
211,2021,1
211,2022,1
211,2022,1
211,2022,1
212,2006,0
212,2006,1
212,2006,0
212,2007,0
212,2007,0
212,2008,1
212,2008,1
212,2008,1
212,2009,0
212,2009,0
212,2009,1
212,2010,1
212,2010,1
212,2015,1
212,2013,1
212,2014,1
212,2014,1
212,2014,0
212,2010,1
212,2011,0
212,2011,1
212,2012,1
212,2017,1
212,2012,1
212,2015,0
212,2015,1
212,2016,1
212,2016,1
212,2016,1
212,2017,1
212,2017,1
212,2011,1
212,2012,1
212,2013,1
212,2013,1
212,2018,1
212,2018,1
212,2018,1
212,2019,1
212,2019,1
212,2019,0
212,2020,1
212,2020,1
212,2020,0
212,2021,1
212,2021,1
212,2021,1
212,2022,1
212,2022,1
212,2022,1
214,2006,0
214,2006,0
214,2006,0
214,2007,0
214,2007,0
214,2007,0
214,2008,0
214,2008,0
214,2008,1
214,2009,0
214,2009,0
214,2009,0
214,2010,0
214,2010,0
214,2015,1
214,2013,1
214,2014,0
214,2014,0
214,2014,0
214,2010,1
214,2011,1
214,2011,0
214,2012,1
214,2017,1
214,2012,1
214,2015,1
214,2015,1
214,2016,1
214,2016,1
214,2016,0
214,2017,0
214,2017,0
214,2020,1
214,2011,0
214,2012,1
214,2013,0
214,2013,1
214,2018,1
214,2018,0
214,2018,1
214,2019,1
214,2019,1
214,2019,1
214,2020,1
214,2020,0
214,2021,1
214,2021,1
214,2021,1
214,2022,1
214,2022,1
214,2022,1
222,2006,0
222,2006,0
222,2006,0
222,2007,0
222,2008,0
222,2008,0
222,2008,0
222,2009,0
222,2009,0
222,2009,0
222,2010,0
222,2010,0
222,2014,0
222,2014,0
222,2014,0
222,2011,0
222,2011,0
222,2011,0
222,2012,0
222,2012,0
222,2010,0
222,2015,0
222,2015,0
222,2015,0
222,2016,0
222,2016,0
222,2016,0
222,2017,0
222,2017,0
222,2017,0
222,2012,0
222,2013,0
222,2013,0
222,2013,0
222,2018,0
222,2018,0
222,2018,0
222,2019,0
222,2019,0
222,2019,0
222,2020,0
222,2020,0
222,2020,0
222,2021,0
222,2021,0
222,2021,0
222,2022,0
222,2022,0
222,2022,0
223,2006,0
223,2006,0
223,2006,0
223,2007,0
223,2008,0
223,2008,0
223,2008,0
223,2009,0
223,2009,0
223,2009,0
223,2010,0
223,2010,0
223,2011,0
223,2014,0
223,2014,0
223,2014,0
223,2011,0
223,2011,0
223,2012,0
223,2012,0
223,2010,0
223,2015,0
223,2015,0
223,2015,0
223,2016,0
223,2016,0
223,2017,0
223,2017,0
223,2017,0
223,2012,0
223,2013,0
223,2013,0
223,2013,0
223,2018,0
223,2018,0
223,2018,0
223,2019,0
223,2019,0
223,2019,0
223,2020,0
223,2020,0
223,2020,0
223,2021,0
223,2021,0
223,2021,0
223,2022,0
223,2022,0
223,2022,0
226,2006,1
226,2006,0
226,2006,0
226,2007,0
226,2007,0
226,2007,0
226,2008,0
226,2008,0
226,2008,0
226,2009,0
226,2009,0
226,2009,0
226,2010,0
226,2010,0
226,2015,0
226,2013,0
226,2014,1
226,2014,0
226,2014,0
226,2010,0
226,2011,0
226,2011,0
226,2012,1
226,2017,1
226,2012,0
226,2015,1
226,2015,0
226,2016,1
226,2016,0
226,2016,1
226,2017,0
226,2017,1
226,2020,0
226,2011,0
226,2012,0
226,2013,1
226,2013,0
226,2018,1
226,2018,0
226,2018,0
226,2019,1
226,2019,1
226,2019,0
226,2020,0
226,2020,0
226,2021,0
226,2021,0
226,2021,1
226,2022,0
226,2022,0
226,2022,1
229,2006,0
229,2006,0
229,2006,0
229,2007,0
229,2007,0
229,2007,0
229,2008,0
229,2008,0
229,2008,0
229,2009,0
229,2009,0
229,2009,0
229,2009,0
229,2010,0
229,2010,0
229,2016,0
229,2015,0
229,2017,0
229,2013,0
229,2014,0
229,2014,0
229,2011,0
229,2011,0
229,2011,0
229,2012,0
229,2010,0
229,2014,0
229,2015,0
229,2015,0
229,2016,0
229,2016,0
229,2017,0
229,2017,0
229,2020,0
229,2018,0
229,2012,0
229,2012,0
229,2013,0
229,2013,0
229,2018,0
229,2018,0
229,2019,0
229,2019,0
229,2019,0
229,2020,0
229,2020,0
229,2021,0
229,2021,0
229,2021,0
229,2022,0
229,2022,0
229,2022,0
230,2006,0
230,2006,0
230,2006,0
230,2007,0
230,2007,0
230,2007,0
230,2008,0
230,2008,0
230,2008,0
230,2009,0
230,2009,0
230,2009,0
230,2010,0
230,2010,0
230,2016,0
230,2015,0
230,2017,0
230,2013,0
230,2014,0
230,2014,0
230,2011,0
230,2011,0
230,2012,0
230,2012,0
230,2010,0
230,2014,0
230,2015,0
230,2015,0
230,2016,0
230,2016,0
230,2017,0
230,2017,0
230,2020,0
230,2018,0
230,2012,0
230,2013,0
230,2013,0
230,2018,0
230,2018,0
230,2019,0
230,2019,0
230,2019,0
230,2020,0
230,2020,0
230,2021,0
230,2021,0
230,2021,0
230,2022,0
230,2022,0
230,2022,0
232,2006,0
232,2006,0
232,2006,0
232,2007,0
232,2007,0
232,2007,0
232,2008,0
232,2008,0
232,2008,0
232,2009,0
232,2009,0
232,2009,0
232,2010,0
232,2010,0
232,2011,0
232,2017,0
232,2013,0
232,2014,0
232,2014,0
232,2014,0
232,2011,0
232,2010,0
232,2011,0
232,2012,0
232,2012,0
232,2015,0
232,2015,0
232,2015,0
232,2016,0
232,2016,0
232,2016,0
232,2017,0
232,2017,0
232,2020,0
232,2018,0
232,2012,0
232,2013,0
232,2013,0
232,2018,0
232,2018,0
232,2019,0
232,2019,0
232,2019,0
232,2020,0
232,2020,0
232,2022,0
232,2021,0
232,2021,0
232,2021,0
232,2022,0
232,2022,0
234,2016,1
234,2017,1
234,2015,1
234,2014,1
234,2016,1
234,2016,1
234,2017,1
234,2017,1
234,2018,1
234,2018,1
234,2018,1
234,2019,1
234,2019,0
234,2019,0
234,2020,1
234,2020,1
234,2020,1
234,2021,1
234,2021,1
234,2021,0
234,2022,1
234,2022,1
234,2022,1
244,2006,0
244,2006,0
244,2006,0
244,2007,0
244,2007,0
244,2007,0
244,2008,0
244,2008,0
244,2008,0
244,2009,1
244,2009,1
244,2009,0
244,2010,0
244,2010,1
244,2011,1
244,2016,0
244,2015,0
244,2017,0
244,2013,0
244,2013,0
244,2014,0
244,2014,0
244,2011,1
244,2017,0
244,2012,1
244,2012,0
244,2010,0
244,2014,0
244,2015,0
244,2015,0
244,2016,0
244,2016,0
244,2017,0
244,2017,0
244,2020,0
244,2012,0
244,2011,0
244,2013,0
244,2013,0
244,2018,0
244,2018,0
244,2018,0
244,2019,0
244,2019,0
244,2019,0
244,2020,0
244,2020,0
244,2021,0
244,2021,0
244,2021,0
244,2022,0
244,2022,0
244,2022,0
245,2006,0
245,2006,0
245,2006,0
245,2007,0
245,2007,0
245,2007,0
245,2007,0
245,2008,0
245,2008,0
245,2008,0
245,2009,0
245,2009,0
245,2010,1
245,2009,0
245,2010,0
245,2011,0
245,2013,0
245,2014,0
245,2014,0
245,2014,0
245,2011,0
245,2012,0
245,2012,0
245,2010,0
245,2012,0
245,2011,0
245,2013,0
245,2013,0
246,2006,0
246,2006,0
246,2006,0
246,2007,0
246,2007,0
246,2007,0
246,2007,0
246,2008,0
246,2008,0
246,2008,0
246,2009,0
246,2009,0
246,2010,1
246,2009,0
246,2010,1
246,2011,1
246,2016,0
246,2015,0
246,2017,0
246,2013,1
246,2014,1
246,2014,0
246,2014,0
246,2011,0
246,2012,0
246,2012,1
246,2010,0
246,2015,0
246,2015,1
246,2016,0
246,2016,0
246,2017,0
246,2017,0
246,2020,0
246,2018,0
246,2012,1
246,2011,1
246,2013,1
246,2013,1
246,2018,0
246,2018,0
246,2019,0
246,2019,0
246,2019,1
246,2020,0
246,2020,0
246,2021,0
246,2021,0
246,2021,0
246,2022,0
246,2022,0
246,2022,0
247,2006,0
247,2006,1
247,2006,1
247,2007,0
247,2007,0
247,2007,0
247,2007,0
247,2008,0
247,2008,1
247,2008,0
247,2009,1
247,2009,0
247,2010,1
247,2009,0
247,2010,1
247,2011,0
247,2016,1
247,2015,1
247,2017,0
247,2013,0
247,2014,0
247,2014,1
247,2014,0
247,2011,1
247,2012,0
247,2012,0
247,2010,1
247,2015,1
247,2015,0
247,2016,0
247,2016,0
247,2017,0
247,2017,0
247,2018,0
247,2012,0
247,2011,1
247,2013,1
247,2013,1
247,2018,1
247,2018,1
247,2019,1
247,2019,0
247,2019,0
247,2020,0
247,2020,0
247,2020,1
247,2021,0
247,2021,0
247,2021,1
247,2022,1
247,2022,0
247,2022,0
248,2006,0
248,2006,0
248,2006,0
248,2007,0
248,2007,0
248,2007,0
248,2007,0
248,2008,0
248,2008,0
248,2008,0
248,2009,0
248,2009,0
248,2010,0
248,2009,0
248,2010,0
248,2011,0
248,2016,0
248,2015,0
248,2017,0
248,2013,0
248,2014,0
248,2014,0
248,2014,0
248,2011,0
248,2012,0
248,2012,0
248,2010,0
248,2015,0
248,2015,0
248,2016,0
248,2016,0
248,2017,0
248,2017,0
248,2018,0
248,2012,0
248,2011,0
248,2013,0
248,2013,0
248,2018,0
248,2018,0
248,2019,0
248,2019,0
248,2019,0
248,2020,0
248,2020,0
248,2020,0
248,2021,0
248,2021,0
248,2021,0
248,2022,0
248,2022,0
248,2022,0
249,2006,0
249,2006,0
249,2006,0
249,2007,0
249,2007,0
249,2007,0
249,2007,0
249,2008,0
249,2008,0
249,2008,0
249,2009,0
249,2009,0
249,2010,0
249,2009,0
249,2010,0
249,2011,0
249,2016,0
249,2015,0
249,2017,0
249,2014,0
249,2014,0
249,2014,0
249,2011,0
249,2012,0
249,2012,0
249,2010,0
249,2015,0
249,2015,0
249,2016,0
249,2016,0
249,2017,0
249,2017,0
249,2020,0
249,2012,0
249,2011,0
249,2013,0
249,2013,0
249,2018,0
249,2018,0
249,2018,0
249,2019,0
249,2019,0
249,2019,0
249,2020,0
249,2020,0
249,2021,0
249,2021,0
249,2021,0
249,2022,0
249,2022,0
249,2022,0
250,2006,0
250,2006,0
250,2006,0
250,2007,1
250,2007,1
250,2007,1
250,2008,0
250,2008,0
250,2008,0
250,2009,0
250,2009,0
250,2010,0
250,2009,0
250,2010,0
250,2011,0
250,2016,0
250,2015,0
250,2017,0
250,2013,0
250,2014,0
250,2014,0
250,2014,0
250,2011,0
250,2012,0
250,2012,0
250,2010,0
250,2015,0
250,2015,0
250,2016,0
250,2016,0
250,2017,0
250,2017,0
250,2020,0
250,2012,0
250,2011,0
250,2013,0
250,2013,0
250,2018,0
250,2018,0
250,2018,0
250,2018,0
250,2019,0
250,2019,0
250,2019,0
250,2020,0
250,2020,0
250,2021,0
250,2021,0
250,2021,0
250,2022,0
250,2022,0
250,2022,0
252,2006,0
252,2006,0
252,2006,0
252,2007,0
252,2007,0
252,2007,0
252,2008,0
252,2008,0
252,2008,0
252,2009,0
252,2009,0
252,2010,0
252,2011,0
252,2016,0
252,2017,0
252,2013,0
252,2014,0
252,2014,0
252,2014,0
252,2011,0
252,2011,0
252,2012,0
252,2015,0
252,2015,0
252,2015,0
252,2016,0
252,2016,0
252,2017,0
252,2017,0
252,2020,0
252,2018,0
252,2012,0
252,2012,0
252,2013,0
252,2013,0
252,2018,0
252,2018,0
252,2019,0
252,2019,0
252,2019,0
252,2009,0
252,2020,0
252,2020,0
252,2020,0
252,2021,0
252,2021,0
252,2021,0
252,2022,0
252,2022,0
252,2022,0
254,2006,0
254,2006,0
254,2006,0
254,2007,0
254,2007,0
254,2008,0
254,2008,0
254,2008,0
254,2009,0
254,2009,0
254,2010,0
254,2010,0
254,2011,0
254,2016,0
254,2017,0
254,2013,0
254,2014,0
254,2014,0
254,2014,0
254,2011,0
254,2010,0
254,2011,0
254,2012,0
254,2015,0
254,2015,0
254,2015,0
254,2016,0
254,2016,0
254,2017,0
254,2020,0
254,2017,0
254,2018,0
254,2012,0
254,2012,0
254,2013,0
254,2013,0
254,2018,0
254,2018,0
254,2019,0
254,2019,0
254,2019,0
254,2020,0
254,2020,0
254,2021,0
254,2021,0
254,2021,0
254,2022,0
254,2022,0
254,2022,0
257,2006,0
257,2006,0
257,2006,0
257,2007,0
257,2007,0
257,2007,0
257,2008,0
257,2008,0
257,2008,0
257,2009,0
257,2009,0
257,2009,0
257,2010,0
257,2009,0
257,2010,0
257,2011,0
257,2016,0
257,2015,0
257,2013,0
257,2014,0
257,2014,0
257,2011,0
257,2012,0
257,2017,0
257,2012,0
257,2010,0
257,2014,0
257,2015,0
257,2015,0
257,2016,0
257,2016,0
257,2017,0
257,2017,0
257,2020,0
257,2012,0
257,2011,0
257,2013,0
257,2013,0
257,2018,0
257,2018,0
257,2018,0
257,2019,0
257,2019,0
257,2019,0
257,2020,0
257,2020,0
257,2022,0
257,2021,0
257,2021,0
257,2021,0
257,2022,0
257,2022,0
259,2006,0
259,2006,0
259,2006,0
259,2007,0
259,2007,0
259,2007,0
259,2007,0
259,2008,0
259,2008,0
259,2008,0
259,2009,0
259,2009,0
259,2009,0
259,2009,0
259,2010,0
259,2011,0
259,2016,0
259,2013,0
259,2014,0
259,2014,0
259,2014,0
259,2010,0
259,2011,0
259,2012,0
259,2017,0
259,2015,0
259,2015,0
259,2015,0
259,2016,0
259,2016,0
259,2017,0
259,2017,0
259,2020,0
259,2012,0
259,2012,0
259,2013,0
259,2013,0
259,2018,0
259,2018,0
259,2018,0
259,2019,0
259,2019,0
259,2019,0
259,2020,0
259,2011,0
259,2020,0
259,2022,0
259,2021,0
259,2021,0
259,2021,0
259,2022,0
259,2022,0
260,2006,0
260,2006,0
260,2006,0
260,2006,0
260,2006,0
260,2006,0
260,2007,0
260,2007,0
260,2007,0
260,2007,0
260,2007,0
260,2008,0
260,2008,0
260,2008,0
260,2009,0
260,2009,0
260,2009,0
260,2009,0
260,2010,0
260,2010,0
260,2011,0
260,2016,0
260,2013,0
260,2014,0
260,2014,0
260,2014,0
260,2011,0
260,2010,0
260,2011,0
260,2012,0
260,2017,0
260,2015,0
260,2015,0
260,2015,0
260,2016,0
260,2016,0
260,2017,0
260,2017,0
260,2020,0
260,2012,0
260,2012,0
260,2013,0
260,2013,0
260,2018,0
260,2018,0
260,2019,0
260,2019,0
260,2019,0
260,2020,0
260,2022,0
260,2020,0
260,2021,0
260,2021,0
260,2021,0
260,2022,1
260,2022,0
265,2006,0
265,2006,0
265,2006,0
265,2007,0
265,2007,0
265,2007,0
265,2008,0
265,2008,0
265,2008,0
265,2009,0
265,2009,0
265,2009,0
265,2010,0
265,2010,0
265,2015,0
265,2013,0
265,2014,0
265,2014,0
265,2014,0
265,2010,0
265,2011,0
265,2011,0
265,2012,0
265,2017,0
265,2012,0
265,2015,0
265,2015,0
265,2016,0
265,2016,0
265,2016,0
265,2017,0
265,2017,0
265,2020,0
265,2011,0
265,2012,0
265,2013,0
265,2013,0
265,2018,0
265,2018,0
265,2018,0
265,2019,0
265,2019,0
265,2019,0
265,2020,0
265,2020,0
265,2021,0
265,2021,0
265,2021,0
265,2022,0
265,2022,0
265,2022,1
266,2006,1
266,2006,1
266,2006,1
266,2007,0
266,2007,1
266,2007,1
266,2008,0
266,2008,1
266,2008,1
266,2009,1
266,2009,1
266,2009,1
266,2010,1
266,2010,1
266,2016,1
266,2017,1
266,2013,1
266,2014,1
266,2014,1
266,2014,1
266,2011,0
266,2011,0
266,2011,1
266,2012,1
266,2010,1
266,2015,1
266,2015,1
266,2015,1
266,2016,1
266,2016,1
266,2017,1
266,2017,1
266,2018,1
266,2012,1
266,2013,1
266,2013,1
266,2018,1
266,2018,1
266,2019,1
266,2019,1
266,2019,1
266,2020,1
266,2020,1
266,2022,1
266,2020,1
266,2021,1
266,2021,1
266,2021,1
266,2022,1
266,2022,1
269,2006,0
269,2006,0
269,2006,0
269,2007,0
269,2007,0
269,2008,0
269,2008,0
269,2008,0
269,2009,0
269,2009,0
269,2009,0
269,2010,0
269,2010,0
269,2015,0
269,2013,0
269,2014,0
269,2010,0
269,2011,0
269,2011,0
269,2012,0
269,2017,0
269,2012,0
269,2014,0
269,2014,0
269,2015,0
269,2015,0
269,2016,0
269,2016,0
269,2016,0
269,2017,0
269,2017,0
269,2020,0
269,2011,0
269,2012,0
269,2013,0
269,2013,0
269,2018,0
269,2018,0
269,2018,0
269,2019,0
269,2019,0
269,2019,0
269,2020,0
269,2020,0
269,2021,0
269,2021,0
269,2021,0
269,2022,0
269,2022,0
269,2022,0
286,2006,0
286,2006,0
286,2006,0
286,2007,0
286,2007,0
286,2008,0
286,2008,0
286,2008,0
286,2009,0
286,2009,0
286,2010,0
286,2010,0
286,2009,0
286,2016,0
286,2017,0
286,2013,0
286,2014,0
286,2014,0
286,2014,0
286,2011,0
286,2011,0
286,2011,0
286,2012,0
286,2015,0
286,2015,0
286,2015,0
286,2016,0
286,2016,0
286,2017,0
286,2017,0
286,2018,0
286,2012,0
286,2013,0
286,2013,0
286,2018,0
286,2018,0
286,2019,0
286,2019,0
286,2019,0
286,2020,0
286,2020,0
286,2022,0
286,2020,0
286,2021,0
286,2021,0
286,2021,0
286,2022,0
286,2022,0
295,2006,0
295,2006,0
295,2006,0
295,2007,0
295,2007,0
295,2007,0
295,2007,0
295,2008,0
295,2008,0
295,2008,0
295,2011,0
296,2006,0
296,2006,0
296,2006,0
296,2007,0
296,2007,0
296,2008,0
296,2008,0
296,2008,0
296,2009,0
296,2009,0
296,2010,0
296,2011,0
296,2016,0
296,2017,0
296,2013,0
296,2014,0
296,2014,0
296,2014,0
296,2011,0
296,2010,0
296,2011,0
296,2012,0
296,2015,0
296,2015,0
296,2015,0
296,2016,0
296,2016,0
296,2017,0
296,2017,0
296,2020,0
296,2018,0
296,2012,0
296,2012,0
296,2013,0
296,2013,0
296,2018,0
296,2018,0
296,2019,0
296,2019,0
296,2019,0
296,2020,0
296,2020,0
296,2022,1
296,2021,0
296,2021,0
296,2021,0
296,2022,0
296,2022,0
297,2006,0
297,2006,0
297,2006,0
297,2007,0
297,2007,0
297,2007,0
297,2008,0
297,2008,0
297,2008,0
297,2009,0
297,2009,0
297,2010,0
297,2010,0
297,2011,0
297,2016,0
297,2017,0
297,2013,0
297,2014,0
297,2014,0
297,2014,0
297,2010,0
297,2011,0
297,2012,0
297,2015,0
297,2015,0
297,2015,0
297,2015,0
297,2016,0
297,2016,0
297,2017,0
297,2017,0
297,2020,0
297,2018,0
297,2012,0
297,2012,0
297,2013,0
297,2013,0
297,2018,0
297,2018,0
297,2019,0
297,2019,0
297,2019,0
297,2020,0
297,2020,0
297,2021,0
297,2021,0
297,2021,0
297,2022,0
297,2022,0
297,2022,0
298,2006,0
298,2006,0
298,2006,1
298,2007,1
298,2007,0
298,2007,0
298,2007,0
298,2007,0
298,2008,0
298,2008,0
298,2008,0
298,2009,0
298,2009,0
298,2009,0
298,2010,0
298,2010,0
298,2011,0
298,2015,1
298,2017,0
298,2013,0
298,2014,0
298,2014,0
298,2014,0
298,2011,0
298,2010,0
298,2011,0
298,2012,0
298,2012,0
298,2015,0
298,2015,0
298,2016,0
298,2016,0
298,2016,0
298,2017,1
298,2017,0
298,2020,0
298,2012,0
298,2013,0
298,2013,0
298,2018,0
298,2018,0
298,2018,0
298,2019,0
298,2019,0
298,2019,0
298,2020,0
298,2020,0
298,2021,0
298,2021,0
298,2021,0
298,2022,0
298,2022,0
298,2022,0
299,2006,0
299,2006,0
299,2006,0
299,2007,0
299,2007,0
299,2007,0
299,2008,0
299,2008,0
299,2008,0
299,2009,0
299,2009,0
299,2010,0
299,2010,0
299,2011,0
299,2016,0
299,2013,0
299,2014,0
299,2014,0
299,2014,0
299,2011,0
299,2010,0
299,2011,0
299,2012,0
299,2017,0
299,2015,0
299,2016,0
299,2016,0
299,2017,0
299,2017,0
299,2020,0
299,2012,0
299,2012,0
299,2013,0
299,2013,0
299,2018,0
299,2018,0
299,2018,0
299,2019,0
299,2019,0
299,2019,0
299,2020,0
299,2020,0
299,2022,0
299,2021,0
299,2021,0
299,2021,0
299,2022,0
299,2022,0
316,2006,0
316,2006,0
316,2006,0
316,2007,0
316,2007,0
316,2007,0
316,2008,0
316,2008,0
316,2008,0
316,2009,0
316,2009,0
316,2010,0
316,2010,0
316,2014,0
316,2014,0
316,2014,0
316,2011,0
316,2011,0
316,2011,0
316,2012,0
316,2017,0
316,2012,0
316,2010,0
316,2015,0
316,2015,0
316,2015,0
316,2016,0
316,2016,0
316,2016,0
316,2017,0
316,2017,0
316,2012,0
316,2013,0
316,2013,0
316,2013,0
316,2018,0
316,2018,0
316,2018,0
316,2019,0
316,2019,0
316,2019,0
316,2020,0
316,2020,0
316,2009,0
316,2020,0
316,2021,0
316,2021,0
316,2021,0
316,2022,0
316,2022,0
316,2022,0
339,2006,0
339,2006,0
339,2006,0
339,2007,0
339,2007,0
339,2007,0
339,2008,0
339,2008,0
339,2008,0
339,2009,0
339,2009,0
339,2009,0
339,2010,0
339,2010,0
339,2014,0
339,2014,0
339,2014,0
339,2011,0
339,2011,0
339,2011,0
339,2012,0
339,2017,0
339,2012,0
339,2010,0
339,2015,0
339,2015,0
339,2015,0
339,2016,0
339,2016,0
339,2016,0
339,2017,0
339,2017,0
339,2012,0
339,2013,0
339,2013,0
339,2013,0
339,2018,0
339,2018,0
339,2018,0
339,2019,0
339,2019,0
339,2019,0
339,2020,0
339,2020,0
339,2020,0
339,2021,0
339,2021,1
339,2021,0
339,2022,0
339,2022,0
339,2022,0
341,2006,0
341,2006,0
341,2006,0
341,2007,0
341,2007,0
341,2007,0
341,2008,0
341,2008,0
341,2008,0
341,2009,0
341,2009,0
341,2009,0
341,2010,0
341,2010,0
341,2011,0
341,2014,0
341,2014,0
341,2014,0
341,2011,0
341,2011,0
341,2012,0
341,2017,0
341,2012,0
341,2010,0
341,2015,0
341,2015,0
341,2015,0
341,2016,0
341,2016,0
341,2016,0
341,2017,0
341,2017,0
341,2012,0
341,2013,0
341,2013,0
341,2013,0
341,2018,0
341,2018,0
341,2018,0
341,2019,0
341,2019,0
341,2019,0
341,2020,0
341,2020,0
341,2020,0
341,2021,0
341,2021,0
341,2021,0
341,2022,0
341,2022,0
341,2022,0
342,2006,0
342,2006,0
342,2006,0
342,2007,0
342,2007,0
342,2007,0
342,2008,0
342,2008,0
342,2008,0
342,2009,0
342,2009,0
342,2009,0
342,2010,0
342,2010,0
342,2011,0
342,2014,0
342,2014,0
342,2014,0
342,2011,0
342,2011,0
342,2012,0
342,2017,0
342,2012,0
342,2010,0
342,2015,0
342,2015,0
342,2015,0
342,2016,0
342,2016,0
342,2016,0
342,2017,0
342,2017,0
342,2012,0
342,2013,0
342,2013,0
342,2013,0
342,2018,0
342,2018,0
342,2018,0
342,2019,0
342,2019,0
342,2019,0
342,2020,0
342,2020,0
342,2020,0
342,2021,0
342,2021,0
342,2021,0
342,2022,0
342,2022,0
342,2022,0
343,2006,0
343,2006,0
343,2006,0
343,2007,0
343,2007,0
343,2007,0
343,2008,0
343,2008,0
343,2008,0
343,2009,0
343,2009,0
343,2009,0
343,2010,0
343,2010,0
343,2011,0
343,2014,0
343,2014,0
343,2014,0
343,2011,0
343,2010,0
343,2011,0
343,2012,0
343,2017,0
343,2012,0
343,2015,0
343,2015,0
343,2015,0
343,2016,0
343,2016,0
343,2016,0
343,2017,0
343,2017,0
343,2012,0
343,2013,0
343,2013,0
343,2013,0
343,2018,0
343,2018,0
343,2018,0
343,2019,0
343,2019,0
343,2019,0
343,2020,0
343,2020,0
343,2020,0
343,2021,0
343,2021,0
343,2021,0
343,2022,0
343,2022,0
343,2022,0
344,2006,0
344,2006,0
344,2006,0
344,2007,0
344,2007,0
344,2007,0
344,2008,0
344,2008,0
344,2008,0
344,2009,0
344,2009,0
344,2010,0
344,2010,0
344,2011,0
344,2013,0
344,2014,0
344,2014,0
344,2014,0
344,2011,0
344,2010,0
344,2011,0
344,2012,0
344,2012,0
344,2015,0
344,2015,0
344,2015,0
344,2016,0
344,2016,0
344,2016,0
344,2017,0
344,2017,0
344,2017,0
344,2012,0
344,2013,0
344,2013,0
344,2018,0
344,2018,0
344,2018,0
344,2019,0
344,2019,0
344,2019,0
344,2020,0
344,2020,0
344,2009,0
344,2020,0
344,2021,0
344,2021,0
344,2021,0
344,2022,0
344,2022,0
344,2022,0
345,2006,0
345,2006,0
345,2006,0
345,2007,0
345,2007,0
345,2007,0
345,2008,0
345,2008,0
345,2008,0
345,2009,0
345,2009,0
345,2009,0
345,2010,0
345,2010,0
345,2011,0
345,2014,0
345,2014,0
345,2014,0
345,2011,0
345,2011,0
345,2012,0
345,2017,0
345,2012,0
345,2010,0
345,2015,0
345,2015,0
345,2015,0
345,2016,0
345,2016,0
345,2016,0
345,2017,0
345,2017,0
345,2012,0
345,2013,0
345,2013,0
345,2013,0
345,2018,0
345,2018,0
345,2018,0
345,2019,0
345,2019,0
345,2019,0
345,2020,0
345,2020,0
345,2020,0
345,2021,0
345,2021,0
345,2021,0
345,2022,0
345,2022,0
345,2022,0
400,2006,1
400,2006,0
400,2006,0
400,2007,0
400,2007,0
400,2008,0
400,2008,0
400,2008,0
400,2009,1
400,2009,1
400,2010,0
400,2010,0
400,2015,0
400,2013,0
400,2014,0
400,2014,0
400,2014,1
400,2010,0
400,2011,0
400,2011,0
400,2012,1
400,2017,1
400,2012,0
400,2015,1
400,2015,1
400,2016,0
400,2016,0
400,2016,0
400,2017,0
400,2017,1
400,2020,0
400,2011,0
400,2012,0
400,2013,0
400,2013,0
400,2018,0
400,2018,0
400,2018,0
400,2019,1
400,2019,0
400,2019,0
400,2020,0
400,2009,0
400,2020,1
400,2021,1
400,2021,0
400,2021,1
400,2022,0
400,2022,0
400,2022,1
444,2006,0
444,2006,0
444,2006,0
444,2007,0
444,2007,0
444,2007,0
444,2008,0
444,2008,0
444,2008,0
444,2009,0
444,2009,0
444,2009,0
444,2010,0
444,2010,0
444,2014,0
444,2014,0
444,2014,0
444,2011,0
444,2011,0
444,2011,0
444,2012,0
444,2017,0
444,2012,0
444,2010,0
444,2015,0
444,2015,0
444,2015,0
444,2016,0
444,2016,0
444,2016,0
444,2017,0
444,2017,0
444,2012,0
444,2013,0
444,2013,0
444,2013,0
444,2018,0
444,2018,0
444,2018,0
444,2019,0
444,2019,0
444,2019,0
444,2020,0
444,2020,0
444,2020,0
444,2021,0
444,2021,0
444,2021,0
444,2022,0
444,2022,0
444,2022,0
472,2007,0
472,2007,0
472,2008,0
472,2008,0
472,2008,0
472,2009,0
472,2009,0
472,2009,0
472,2010,0
472,2011,0
472,2017,0
472,2013,0
472,2014,0
472,2014,0
472,2014,0
472,2011,0
472,2010,0
472,2011,0
472,2012,0
472,2012,0
472,2015,0
472,2015,0
472,2015,0
472,2016,0
472,2016,0
472,2016,0
472,2017,0
472,2017,0
472,2020,0
472,2018,0
472,2012,0
472,2013,0
472,2013,0
472,2018,0
472,2018,0
472,2019,0
472,2019,0
472,2019,0
472,2020,0
472,2020,0
472,2022,0
472,2021,0
472,2021,0
472,2021,0
472,2022,0
472,2022,0
473,2007,0
473,2008,0
473,2008,1
473,2008,0
473,2009,0
473,2009,1
473,2010,1
473,2010,1
473,2011,0
473,2016,0
473,2017,0
473,2013,0
473,2014,0
473,2014,0
473,2014,0
473,2011,0
473,2011,1
473,2012,0
473,2012,0
473,2010,1
473,2015,0
473,2015,0
473,2016,0
473,2016,0
473,2017,0
473,2020,0
473,2018,0
473,2012,0
473,2013,0
473,2013,0
473,2018,0
473,2018,0
473,2019,0
473,2019,0
473,2019,0
473,2020,0
473,2020,0
473,2021,0
473,2021,0
473,2021,0
473,2022,0
473,2022,0
473,2022,0
482,2006,0
482,2006,0
482,2006,0
482,2007,1
482,2007,0
482,2008,0
482,2008,0
482,2008,0
482,2009,0
482,2009,0
482,2009,1
482,2010,1
482,2010,1
482,2015,0
482,2013,1
482,2014,1
482,2014,0
482,2014,0
482,2010,1
482,2011,0
482,2011,0
482,2012,0
482,2017,1
482,2012,0
482,2015,0
482,2015,1
482,2016,1
482,2016,1
482,2016,1
482,2017,1
482,2017,1
482,2011,0
482,2012,0
482,2013,0
482,2013,0
482,2018,0
482,2018,1
482,2018,1
482,2019,1
482,2019,1
482,2019,0
482,2020,0
482,2020,1
482,2020,0
482,2021,1
482,2021,1
482,2021,1
482,2022,0
482,2022,0
482,2022,0
483,2006,1
483,2006,1
483,2006,0
483,2007,1
483,2007,1
483,2007,1
483,2008,0
483,2008,0
483,2008,0
483,2009,1
483,2009,1
483,2009,1
483,2010,0
483,2010,0
483,2016,0
483,2013,1
483,2014,0
483,2014,0
483,2014,1
483,2010,0
483,2011,1
483,2011,1
483,2011,1
483,2012,0
483,2010,0
483,2015,0
483,2015,0
483,2015,0
483,2016,0
483,2016,0
483,2017,1
483,2017,1
483,2017,1
483,2018,0
483,2012,0
483,2013,0
483,2013,1
483,2018,0
483,2018,0
483,2019,0
483,2019,0
483,2019,0
483,2020,0
483,2020,1
483,2020,0
483,2021,0
483,2021,0
483,2021,1
483,2022,0
483,2022,0
483,2022,0
485,2006,0
485,2006,0
485,2006,0
485,2007,0
485,2007,0
485,2007,0
485,2007,0
485,2008,0
485,2008,0
485,2008,0
485,2011,0
486,2006,0
486,2006,0
486,2006,0
486,2007,0
486,2007,0
486,2007,0
486,2008,0
486,2008,0
486,2008,0
486,2009,0
486,2009,0
486,2009,0
486,2010,0
486,2010,0
486,2014,0
486,2014,0
486,2014,0
486,2011,0
486,2011,0
486,2011,0
486,2012,0
486,2017,0
486,2012,0
486,2010,0
486,2015,0
486,2015,0
486,2015,0
486,2016,0
486,2016,0
486,2016,0
486,2017,0
486,2017,0
486,2012,0
486,2013,0
486,2013,0
486,2013,0
486,2018,0
486,2018,0
486,2018,0
486,2019,0
486,2019,0
486,2019,0
486,2020,0
486,2020,0
486,2020,0
486,2021,0
486,2021,0
486,2021,0
486,2022,0
486,2022,0
486,2022,0
488,2006,0
488,2006,0
488,2006,0
488,2007,0
488,2007,0
488,2007,0
488,2008,0
488,2008,0
488,2008,0
488,2009,0
488,2009,0
488,2009,0
488,2010,0
488,2010,0
488,2015,0
488,2013,0
488,2014,0
488,2014,0
488,2014,0
488,2011,0
488,2011,0
488,2012,0
488,2017,1
488,2012,0
488,2015,0
488,2015,0
488,2016,0
488,2016,0
488,2016,0
488,2017,0
488,2017,1
488,2011,0
488,2012,0
488,2013,0
488,2013,0
488,2018,0
488,2018,0
488,2018,0
488,2019,0
488,2019,0
488,2019,0
488,2020,0
488,2020,0
488,2020,0
488,2021,0
488,2021,0
488,2021,0
488,2022,0
488,2022,0
488,2022,1
489,2006,1
489,2006,1
489,2006,1
489,2007,0
489,2007,0
489,2007,0
489,2008,0
489,2008,0
489,2008,0
489,2009,0
489,2009,0
489,2009,0
489,2010,0
489,2010,1
489,2016,0
489,2015,0
489,2017,1
489,2013,0
489,2014,0
489,2014,1
489,2011,0
489,2011,0
489,2011,0
489,2012,0
489,2012,0
489,2010,1
489,2014,1
489,2015,0
489,2015,0
489,2016,0
489,2016,0
489,2017,1
489,2017,1
489,2020,0
489,2018,0
489,2012,0
489,2013,0
489,2013,1
489,2018,0
489,2018,0
489,2019,1
489,2019,0
489,2019,0
489,2020,0
489,2020,1
489,2021,1
489,2021,1
489,2021,1
489,2022,1
489,2022,1
489,2022,1
490,2006,0
490,2006,0
490,2006,0
490,2008,0
490,2008,0
490,2008,0
490,2009,0
490,2010,0
490,2010,0
490,2011,0
490,2015,0
490,2017,0
490,2013,0
490,2014,0
490,2014,0
490,2011,0
490,2011,0
490,2012,0
490,2012,0
490,2010,0
490,2014,0
490,2015,0
490,2015,0
490,2016,0
490,2016,0
490,2016,0
490,2017,0
490,2017,0
490,2020,0
490,2018,0
490,2012,0
490,2013,0
490,2013,0
490,2018,0
490,2018,0
490,2019,0
490,2019,0
490,2019,0
490,2020,0
490,2009,0
490,2020,0
490,2021,0
490,2021,0
490,2021,0
490,2022,0
490,2022,0
490,2022,0
495,2007,1
495,2007,1
495,2008,1
495,2008,1
495,2008,1
495,2009,1
495,2009,1
495,2009,1
495,2010,1
495,2010,1
495,2016,1
495,2017,1
495,2013,1
495,2014,1
495,2014,1
495,2014,1
495,2011,1
495,2011,1
495,2011,1
495,2012,1
495,2010,1
495,2015,1
495,2015,1
495,2015,1
495,2016,1
495,2016,1
495,2017,1
495,2017,1
495,2018,1
495,2012,1
495,2013,1
495,2013,1
495,2018,1
495,2018,1
495,2019,1
495,2019,1
495,2019,1
495,2020,1
495,2020,1
495,2022,1
495,2020,1
495,2021,1
495,2021,1
495,2021,1
495,2022,1
495,2022,1
496,2008,0
496,2008,0
496,2009,0
496,2009,0
496,2010,0
496,2010,0
496,2011,0
496,2016,0
496,2017,0
496,2013,0
496,2014,0
496,2014,0
496,2011,0
496,2012,0
496,2012,0
496,2010,0
496,2014,0
496,2015,0
496,2015,0
496,2015,0
496,2016,0
496,2016,0
496,2017,0
496,2017,0
496,2020,0
496,2018,0
496,2012,0
496,2013,0
496,2013,0
496,2018,0
496,2018,0
496,2019,0
496,2019,0
496,2019,0
496,2020,0
496,2009,0
496,2020,0
496,2021,0
496,2021,0
496,2021,0
496,2022,0
496,2022,0
496,2022,0
497,2008,0
497,2008,0
497,2009,1
497,2009,0
497,2010,0
497,2010,0
497,2016,0
497,2017,0
497,2013,0
497,2014,0
497,2014,0
497,2011,0
497,2011,0
497,2011,0
497,2012,0
497,2012,0
497,2010,0
497,2014,0
497,2015,0
497,2015,0
497,2015,0
497,2016,0
497,2016,0
497,2017,0
497,2017,0
497,2018,0
497,2012,0
497,2013,0
497,2013,0
497,2018,0
497,2018,0
497,2019,0
497,2019,0
497,2019,0
497,2020,0
497,2009,0
497,2020,0
497,2020,0
497,2021,0
497,2021,0
497,2021,0
497,2022,0
497,2022,0
497,2022,0
524,2009,1
524,2009,1
524,2010,1
524,2016,1
524,2013,1
524,2014,1
524,2014,1
524,2014,1
524,2011,1
524,2010,1
524,2011,1
524,2012,1
524,2017,1
524,2015,1
524,2015,1
524,2015,1
524,2016,1
524,2016,1
524,2017,1
524,2017,1
524,2020,1
524,2012,1
524,2012,1
524,2013,1
524,2013,1
524,2018,1
524,2018,1
524,2018,1
524,2019,1
524,2019,1
524,2019,1
524,2020,1
524,2020,1
524,2022,1
524,2021,1
524,2021,1
524,2021,1
524,2022,1
524,2022,0
525,2010,1
525,2010,1
525,2015,1
525,2013,1
525,2014,0
525,2014,0
525,2014,1
525,2010,1
525,2011,1
525,2011,0
525,2012,1
525,2017,0
525,2012,0
525,2015,1
525,2015,1
525,2016,1
525,2016,1
525,2016,0
525,2017,0
525,2017,0
525,2010,0
525,2011,1
525,2012,1
525,2013,1
525,2013,1
525,2018,1
525,2018,1
525,2018,1
525,2019,1
525,2019,0
525,2019,1
525,2020,0
525,2020,1
525,2009,1
525,2020,0
525,2021,1
525,2021,1
525,2021,1
525,2022,1
525,2022,0
525,2022,0
526,2009,1
526,2010,1
526,2010,1
526,2010,1
526,2017,0
526,2016,1
526,2016,1
526,2016,1
526,2017,0
526,2017,1
526,2018,1
526,2018,1
526,2018,1
526,2019,1
526,2019,1
526,2019,1
526,2020,1
526,2020,1
526,2020,1
526,2021,1
526,2021,1
526,2021,1
526,2022,1
526,2022,1
526,2022,1
